-- phpMyAdmin SQL Dump
-- version 5.2.1
-- https://www.phpmyadmin.net/
--
-- Servidor: 127.0.0.1
-- Tiempo de generación: 17-10-2024 a las 08:35:06
-- Versión del servidor: 10.4.28-MariaDB
-- Versión de PHP: 8.2.4

SET SQL_MODE = "NO_AUTO_VALUE_ON_ZERO";
START TRANSACTION;
SET time_zone = "+00:00";


/*!40101 SET @OLD_CHARACTER_SET_CLIENT=@@CHARACTER_SET_CLIENT */;
/*!40101 SET @OLD_CHARACTER_SET_RESULTS=@@CHARACTER_SET_RESULTS */;
/*!40101 SET @OLD_COLLATION_CONNECTION=@@COLLATION_CONNECTION */;
/*!40101 SET NAMES utf8mb4 */;

--
-- Base de datos: `ventuli`
--

-- --------------------------------------------------------

--
-- Estructura de tabla para la tabla `cliente`
--

CREATE TABLE `cliente` (
  `idcliente` int(11) NOT NULL,
  `nombre` varchar(100) NOT NULL,
  `telefono` varchar(15) NOT NULL,
  `direccion` varchar(200) NOT NULL,
  `usuario_id` int(11) NOT NULL,
  `estado` int(11) NOT NULL DEFAULT 1,
  `dni` varchar(12) NOT NULL,
  `obrasocial` varchar(30) NOT NULL,
  `medico` varchar(30) NOT NULL
) ENGINE=InnoDB DEFAULT CHARSET=utf8 COLLATE=utf8_spanish_ci;

--
-- Volcado de datos para la tabla `cliente`
--

INSERT INTO `cliente` (`idcliente`, `nombre`, `telefono`, `direccion`, `usuario_id`, `estado`, `dni`, `obrasocial`, `medico`) VALUES
(0, 'natalia', '9999999', 'castelli', 0, 1, '', '', ''),
(1, 'Público en General', '111111', 'N/S', 1, 1, '111111', 'N/S', 'N/S'),
(4, 'Matias Orset', '3416620117', 'Lavalle 376', 1, 1, '34770653', 'OSDE 310', 'Azcona Noemi '),
(5, 'matias sartasa', '3165651', 'sdfsf 32131 ', 1, 1, '321651651', 'asdadas 32 ', '321321s'),
(7, 'ALMIRON ELIAS', '15646919', 'GOB MOLINA 316', 1, 1, '46424243', 'OSECAC', 'JAIME'),
(8, 'PEREZ SELENA', '15415529', 'PARDAL 553', 8, 1, '1259683', '', ''),
(9, 'CORIA CAROLINA', '15417083', 'TURNER 595', 8, 1, '34652365', '-', '-'),
(10, 'CARRERAS GABRIELA', '1523869', 'JUJUY 1441', 8, 1, '-', '-', 'MARTELOTTO'),
(11, 'UDI THIAGO', '3462581999', 'LOS CIRUELOS 2146', 8, 1, '-', '-', '-'),
(12, 'BRAGHIERI NELDA', '3462609926', 'FRANCIA 34', 8, 1, '-', '-', 'MARTELLOTTO'),
(13, 'GIULIANA MAGALI CHAPARRO', '3462570568', 'JUAN B JUSTO 1645', 8, 1, '-', '-', 'MARTELLOTTO'),
(14, 'CONTRERAS MARCELO', '3462662989', 'LOPEZ 1324', 8, 1, '-', '-', '-'),
(15, 'AGUILAR AUGUSTO', '3462671483', 'DORREGO 3417', 8, 1, '-', '-', 'MARTELLOTTO'),
(16, 'GIAROLI ADRIANA ', '3462558252', 'ALMA FUERTE 1316', 8, 1, '-', 'FEDERADA', 'TEIJEIRO'),
(17, 'RIOS NAILA ', '3462671210', 'SALVADORES 523', 8, 1, '-', '-', 'TEIJEIRO'),
(18, 'ROSARIO BATOS', '15317682', 'PASAJE GATTI 2567', 8, 1, '-', '-', 'ELIANA'),
(19, 'LAZARO BAZAN', '3462676960', 'AGUERO 2285', 8, 1, '-', '-', '-'),
(20, 'ACOSTA ALEXIS LUCAS', '3462530296', '-', 8, 1, '-', 'PROFE', '-'),
(21, 'CASTRO EDIT', '3462565245', 'GOBERNADOR PUJATO 315', 8, 1, '-', '-', 'TEIJEIRO'),
(22, 'GIMENEZ CLAUDIA ', '3462329135', 'AVENIDA SANTA FE 1770 (SANTA ISABEL)', 8, 1, '-', 'IAPOS', '-'),
(23, 'CRESPO ADELA', '3462745827', 'ISLAS MALVINAS 450', 8, 1, '-', '-', 'TEIJEIRO'),
(24, 'PINEDA DAFNE', '15312062', 'FALUCHO 1205', 8, 1, '-', 'MUNI', '-'),
(25, 'VEGA NATALI', '15517443', 'SANTA FE 2140', 8, 1, '-', '-', '-'),
(26, 'AGUILAR CARLOS', '3462666361', 'ENTRE RIOS 784', 8, 1, '-', '-', '-'),
(27, 'LOZA SAMANTA', '3462414564', 'BERTI 43', 8, 1, '-', 'MUNICIPALIDAD', '-'),
(28, 'MERCEDES GALLEGO ', '3462672617', 'VELEZ SARFIELD 247', 8, 1, '-', '-', 'WIDMER'),
(29, 'ELIAN MUÑOZ', '3462379307', 'carmen', 8, 1, '-', '-', 'MONTERONI'),
(30, 'GONZALO HEREDIA', '3462312467', 'AZCUENAGA 1334', 8, 1, '-', '-', 'TOME'),
(31, 'HEREDIA MAXIMO ', '3462312467', 'AZCUENAGA 1334', 8, 1, '-', '-', 'TOME'),
(32, 'ESPINDOLA BAUTISTA ', '3462415770', 'SAN MARTIN 784 (MAGGIOLO)', 8, 1, '-', '-', 'MARTELLOTTO'),
(33, 'ABIGAIL FELTES', '3462389552', 'FALUCHO 1724', 8, 1, '-', '-', '-'),
(34, 'VENENCIA CLAUDIO MIGUEL', '15570113', 'OROÑO 321', 1, 1, '22704650', 'UOM', 'TEJEIRO'),
(35, 'GAMBOA LAUTARO', '3412111797', 'ROSARIO', 8, 1, '-', 'FEDERADA', '-'),
(36, 'MARACH YAMILE ', '3462673141', 'LAPRIDA 1049', 8, 1, '-', 'OSSEG', 'TEIJEIRO'),
(37, 'DONATELLA FALLINI', '3462640225', 'LAPRIDA 1049', 8, 1, '-', 'OSSEG', 'TEIJEIRO'),
(38, 'GALARZA MICAELA ', '3462556374', 'PADRE BADIA 136 MAGIOLO', 8, 1, '-', '-', 'MONTERONI'),
(39, 'MONTERO LARA', '3462556374', 'PADRE BADIA 136 MAGIOLO', 8, 1, '-', '-', 'MONTERONI'),
(40, 'PUBLICO GENERAL', '314006', 'CASTELLI Y MARCONI', 8, 1, '-', '-', '-'),
(41, 'GIORDANO FRANCESCA', '3462690608', 'LAVALLE 2961', 8, 1, '-', '-', '-'),
(42, 'HEHNRICH NINA ', '3462527605', 'BROWN 340', 8, 1, '-', 'SANCOR', 'TEIJEIRO'),
(43, 'NATASHA FELTES ', '3462668144', 'FALUCHO 1724', 8, 1, '-', '-', '-'),
(44, 'ECHEVERRIA MARINA', '346215571570', 'CAYETRANO SILVA 222', 8, 1, '22704368', 'IAPOS', 'CRISCI GEORGINA'),
(45, 'CONTRERAS DANIELA', '3462328265', 'ESPAÑA 2354', 8, 1, '41.012.018', '-', 'MONTERONI'),
(46, 'PEREYRA IAN', '126497', 'DEAN FUNES 971', 8, 1, '-', 'ACCION SOCIAL', '-'),
(47, 'MORALES BRENDA ', '3382405232', 'SAAVEDRA 1262', 8, 1, '43.427.763', '-', '-'),
(48, 'TORRES ZION', '3462235077', 'BROWN 426 (MURPHI)', 8, 1, '-', '-', '-'),
(49, 'MARTINEZ MARIA', '3462', 'FALUCHO 1724', 8, 1, '20362111', 'MUNICIPALIDAD', 'MARTELLOTTO'),
(50, 'OVIEDO VALENTINO', '15563507', 'PASAJE AGUERO 372 DPTO 11', 8, 1, '48063252', '-', 'MARTELLOTTO'),
(51, 'GUILLAUMET LORENZO', '3462544727', 'MITRE 752 1D', 8, 1, '-', '-', 'TEIJEIRO'),
(52, 'DURAN DANA', '15500474', 'VELEZ SARFIELD 130', 8, 1, '56.163.567', '-', 'TEIJEIRO'),
(53, 'CANTERO VANESA', '3462576650', 'PASAJE JORGE ABRAHAN 1515', 8, 1, '37787575', '-', 'MONTERONI'),
(54, 'CASTRO LUDMILA', '3462596011', 'CABRAL 1413', 8, 1, '50351472', '-', 'VILLARREAL'),
(55, 'CASSINE VICTOR', '3462514465', 'RIO NEGRO 344', 8, 1, '-', '-', '-'),
(56, 'FUENTES ALICIA', '3462417189', 'GOBERNADOR 241', 8, 1, '25088522', '-', 'VILLARREAL'),
(57, 'ISANTA GLORIA', '3462536477', 'QUINTANA 640', 8, 1, '14586924', 'MUNI', 'MONTI'),
(58, 'RODRIGUEZ RUBEN ', '3462679295', 'QUINTANA 640', 8, 1, '17956036', '-', 'MONTI'),
(59, 'BRINGAS JUAN', '3462300769', 'AUFRANC 95', 8, 1, '20814630', 'MUNI', 'MARTELLOTTO'),
(60, 'VIANO ALICIA', '431070', '-', 8, 1, '-', 'IAPOS', 'TEIJEIRO'),
(61, 'BUSSO GABRIELA', '15320870', 'DORREGO 88', 8, 1, '16008266', 'IAPOS', 'MONTERONI'),
(62, 'ZABALA JESICA', '3462637289', 'AVELLANEDA 1195', 8, 1, '33177643', '-', 'MONTERONI'),
(63, 'ROBERSO ALICIA', '3462630809', 'AVELLANEDA 47', 8, 1, '14648073', '-', 'MARTELLOTTO'),
(64, 'CISNEROS LEONELA', '3462625605', 'ALFONCINA ESTORNI 853', 8, 1, '37.813.776', '-', 'MARTELLOTTO'),
(65, 'TALLE MORENA ', '3462229139', 'JORGE NEWBERY 2195', 8, 1, '51099579', '-', '-'),
(66, 'FEREEIRA SILVIA', '3462522633', 'PRINGLES 125', 8, 1, '27317775', '-', '-'),
(67, 'PEREZ ROSA', '3462530895', 'LEONCIO DE LA BARRERA 432', 8, 1, '16036320', 'LUIS PASTEUR', 'BALZI'),
(68, 'BURICH LARA ', '3462623035', 'CASTELLI 319', 8, 1, '52900306', 'CAJA FORENCE ', 'MASTELLOTTO'),
(69, 'RACCA CARINA', '15623035', 'CASTELLI 319', 8, 1, '-', '-', 'MARTELLOTTO'),
(70, 'PIETROCOLA JENIFER', '3462653674', 'CARELLI 276', 8, 1, '39453341', '-', 'WIDMER'),
(71, 'SUAREZ MAYRA', '3468587894', 'MAIPU 1136', 8, 1, '33594522', '-', 'MARTELLOTTO'),
(72, 'BUTANI LORENA', '3462510934', 'SAN MARTIN 356 PISO 8', 8, 1, '23520380', 'OSSEG', 'JAIME'),
(73, 'MORI MANUEL', '15557033', 'santa fe 725', 8, 1, '-', '-', '-'),
(74, 'VALENTINA COCHE ', '3462237286', 'SAVEEDRA 1750', 8, 1, '52691921', '-', 'TEIJEIRO'),
(75, 'MAINZ INDIANA', '3462390757', 'SAN AMRTIN 942', 8, 1, '53770654', '-', 'VILLARREAL'),
(76, 'MARTINEZ FIAMA ', '3462237286', 'SAVEEDRA 1750', 8, 1, '36831918', '-', 'TEIJEIRO'),
(77, 'DORADO SANTINO ', '3462590343', '-', 8, 1, '-', 'ACCION SOCIAL', '-'),
(78, 'MACARENA MARTINEZ', '3462659641', 'LIBERTAD 465', 8, 1, '37814404', 'IAPOS', 'TEIJEIRO'),
(79, 'ANDREA CECILIA ARIAS', '3462532516', 'ALVEAR 2396', 8, 1, '30564414', '-', 'TEIJEIRO'),
(80, 'JEREZ RITA', '3462468953', 'CASTELLI 2790', 8, 1, '24052723', 'MUNI', 'MARTELLOTTO'),
(81, 'ROTONDO GISELA', '3462556591', 'ALMA FUERTE 954', 8, 1, '28274630', '-', '-'),
(82, 'YOANA NATALI PEREYRA ', '3462337667', 'SANTA CRUZ 205', 8, 1, '', '-', 'ROSIERE'),
(83, 'TELLO ULICES', '3462389424', 'LAS GAVIOTAS 1787', 8, 1, '57028190', '-', 'VILLARREAL'),
(84, 'ABALOS SALVADOR ', '3462417839', 'LISANDRO DE LA TORRE 750', 8, 1, '54029803', 'OSSEG', 'MARTELLOTTO'),
(85, 'VALDATTA MARIA ', '3462300867', 'CASEROS 840', 8, 1, '27243279', 'ACCION SOCIAL', 'MARTELLOTTO'),
(86, 'RODRIGUEZ GIANELLA', '3462373424', 'PAVON 568', 8, 1, '47587391', 'ACCION SOCIAL', 'VILLARREAL'),
(87, 'CARRIZO BIANCA', '3462375552', 'JUNIN (HOGAR)', 8, 1, '47901037', 'ACCION SOCIAL', 'TOME'),
(88, 'CATALDO GUADALUPE', '3462625032', 'DERQUI 1675', 8, 1, '49446083', 'ACCION SOCIAL', 'TEIJEIRO'),
(89, 'MANCILLA ALICIA', '3462679594', 'CHILE 1321', 8, 1, '17011245', 'ACCION SOCIAL', '-'),
(90, 'BERRINO MARIANELA', '3462669319', 'PASAJE LA VICTORIA 1360', 8, 1, '42767307', '-', 'TEIJEIRO'),
(91, 'CUELLO NEREA', '3462646078', 'URUGUAY 659', 8, 1, '37709372', 'IAPOS', 'MONTERONI'),
(92, 'ROBLEDO LIA', '3462571514', 'FRANCIA 2345', 8, 1, '5652088', '-', 'VILLARREAL'),
(93, 'MARQUEZ NATALIA', '3462540758', 'LOPEZ 1475', 8, 1, '42610589', 'ACCION SOCIAL', 'TEIJEIRO'),
(94, 'FRESCO PATRICIA', '3462414894', 'RIO DE LA PLATA 387', 8, 1, '28859512', '-', 'MONTERONI'),
(95, 'RADA FLORENCIA', '3462516331', 'JORGE NEWERI 3110', 8, 1, '36832043', '-', 'ROSIERE'),
(96, 'MONTERO DYLAN', '15537040', 'MASTACI 1101', 8, 1, '49755200', 'ACCION SOCIAL', 'MARIANA VILLARREAL'),
(97, 'BONACORSI TATIANA', '3462323296', 'HIPOLITO YRIGOYEN 2314', 8, 1, '39050590', '-', 'TEIJEIRO'),
(98, 'GRIFFIN MARIANA', '3462602669', 'LOPEZ 2261', 8, 1, '30685399', 'IAPOS', 'FERRONI'),
(99, 'HERVOT MALENA', '3462517443', 'SANTA FE 2140', 8, 1, '50170526', '-', 'MONTERONI'),
(100, 'LAZZARETTI MARIA CECILIA', '3462366527', 'CROACIA 833', 8, 1, '22533000', 'CIENCIAS ECONOMICAS', 'ROSIERE'),
(101, 'IBARRA JUAN PABLO', '3462559176', 'PAZ 768', 8, 1, '26161506', '-', 'TEIJEIRO'),
(102, 'CAROLINA DIAZ ', '3462', '-', 8, 1, '-', 'JERARQUICOS', '-'),
(103, 'GIUSTI SOLEDAD', '557875', 'ALMAFUERTE 1966', 8, 1, '39694370', 'SANCOR 1000', 'TEJEIRO'),
(104, 'ALVARENGO SILVANA', '3462223296', 'ESTRENIT 980', 8, 1, '27243172', 'ACCION SOCIAL', 'VILLARREAL'),
(105, 'RUBEY ISABELA', '3462340207', 'ROCA 1328', 8, 1, '54769945', 'IAPOS', 'VILLARREAL'),
(106, 'ORDOÑEZ AMTONIO', '346215642470', 'EVA PERON 788', 8, 1, '54338811', 'OSPACON', 'GUILLERMO MARTELOTO'),
(107, 'ORDOÑEZ ANTONIO', '15642470', '-', 8, 1, '-', '-', 'MARTELLOTTO'),
(108, 'CHIAPPINOTTO OLIVIA', '3462603211', 'AVELLANEDA 460', 8, 1, '52751250', '-', 'AGUIRRE'),
(109, 'AGUNDEZ VILMA', '3462554390', 'MANZANO 115', 8, 1, '21721484', '-', 'WIDMER'),
(110, 'BARRIENTOS IAN', '3462695078', 'DIMARTINO 875', 8, 1, '52633976', 'ACCION SOCIAL', 'VILLARREAL'),
(111, 'TISERA VIRGINIA', '3462309569', 'CHILE 675 ', 1, 1, '31572253', '-', '-'),
(112, 'ZANONI MONICA', '3462623572', 'SAENS PEÑA 2160', 8, 1, '23411155', 'AC SOCIAL', 'TEJEIRO'),
(113, 'AIRALA FACUNDO', '3462653519', 'SAN LUIS 464', 8, 1, '-', '-', 'MONTERONI'),
(114, 'PECCI SUSANA', '3462308768', 'LOS ANDES 49', 8, 1, '16628835', '-', 'WIDMER'),
(115, 'MIRANDA SILVIA', '3462307193', 'REPUBLICA DE CROACIA 1298', 8, 1, '20814635', '-', 'TEIJEIRO'),
(116, 'RULLO JOSEFINA', '3462626788', 'JOSE VALDEZ 1150', 8, 1, '55932826', 'AVALIAN', 'BREST'),
(117, 'PEREYRA LOURDES', '3462696764', 'JUNIN 2105', 8, 1, '40316158', '-', '-'),
(118, 'LUDUEÑA PIA', '3462230033', 'JUNIN 3389', 1, 1, '23356452', 'AC SOCIAL', 'ROSIERE'),
(119, 'AGEITOS BENJAMIN', '3413482968', 'CHILE 446', 8, 1, '47896687', '', 'TEIJEIRO'),
(120, 'LUGARO ADELA', '3462663154', 'CASTELLI 801', 1, 1, '-', '-', 'GRADUACION EN USO'),
(121, 'FLORES RAMIRO', '3462665865', 'BALDES 280', 8, 1, '53920187', '-', 'TEJEIRO'),
(122, 'PETRACCO MARIA JULIA', '3462337505', 'LAVALLE 1380', 8, 1, '29226260', 'IAPOS', 'JAIME'),
(123, 'RAIES NOHA', '3462651925', 'LAPRIDA 281', 8, 1, '54203190', '-', 'DEMICHELOS'),
(124, 'FOSATTI MARIANELA', '3462651925', 'LAPRIDA 281', 8, 1, '-', 'SANCOR', '-'),
(125, 'MATIO ABEL', '3462301072', 'SIGAL 833', 8, 1, '20686865', 'OSSEG', 'TEIJEIRO'),
(126, 'GARRO ZAIRA', '3462686679', 'CASTELLI 2764', 8, 1, '52633201', '-', 'TOME'),
(127, 'PERALTA CRISTINA', '346215515642', 'MAGGIOLO SAN MARTIN 831', 1, 1, '11099035', 'SANCOR 1000', 'JAIME'),
(128, 'BERTHILLOOD SOFIA', '3462599811', 'CATAMARCA 1425', 1, 1, '', '', ''),
(129, 'ABRIGO NELDA', '3462525872', 'RUNCIMAN 1170', 8, 1, '22786117', 'AMM', 'TEIJEIRO'),
(130, 'BARRIOS TAMARA', '3462592661', 'SALVADORES 106', 8, 1, '37097441', '-', 'VILLARREAL'),
(131, 'KELLE FLORENCIA ', '3462638902', 'LISANDRO DE LA TORRE 2445', 8, 1, '39453241', 'SANCOR ', 'TEIJEIRO'),
(132, 'CASTRO CHARO', '3462696673', 'ATILIO LARREA 105', 8, 1, '55798029', '-', 'TOME'),
(133, 'BONAZZOLA SILVIA', '346215606041', 'SIGAL 1695', 1, 1, '23356269', 'OSEG', 'TEJEIRO'),
(134, 'CASADO MICAELA', '3462571624', 'FALUCHO 101', 1, 1, '53803596', '-', 'TEJEIRO'),
(135, 'GALNARES MARIA DE LOS ANGELES ', '3462535808', 'ZONA URBANA SAN FRANCISCO ', 8, 1, '23807105', '-', 'MONTERO'),
(136, 'BERRA ADRIAN', '3462677341', 'ITALIA 2849', 8, 1, '26649135', '-', 'TEIJEIRO'),
(137, 'CHAPARRO SANDRA', '3462692991', 'VALDEZ 280', 1, 1, '24702242', '-', 'TEJEIRO'),
(138, 'FREDEZ MARISA', '3462304077', 'JUAN B JUSTO 1865', 8, 1, '24702441', 'accion social ', 'martelotto'),
(139, 'BARDON JULIETA', '3462310469', 'BERTI 22', 8, 1, '52751614', '-', 'TEIJEIRO'),
(140, 'ANSORENA LAURA', '3462310469', 'BERTI 22', 8, 1, '32954153', '-', 'TEIJEIRO'),
(141, 'BONAZOLA SILVIA', '46215606041', 'SIGAL 1695', 8, 1, '23356269', '-', 'TEJEIRO'),
(142, 'CASCO SONIA', '3462614338', 'GOBERNADOR OROÑO 321', 8, 1, '20063928', '-', 'TEIJEIRO'),
(143, 'RIVA LICILA', '2355544917', 'VEDIA', 1, 1, '38683880', '-', '-'),
(144, 'GUEVARA ANTONELLA', '2364719178', 'ALEM', 1, 1, '36300724', '-', '-'),
(145, 'PERALTA MACARENA', '3462598832', 'LOS CIRUELOS 1246', 1, 1, '43958383', '-', 'TEJEIRO'),
(146, 'ESPINDOLA MARIA ELIDA', '462610053', 'JUY 456', 1, 1, '-', '--', 'GRADUACION EN USO'),
(147, 'MONTERO NATASHA', '3462634604', 'GOBERNADOR OROÑO 362', 8, 1, '47979222', '-', 'TEIJEIRO'),
(148, 'MANSILLA PINTOS VICTORIA', '3462306433', 'SAN LORENZO 1146', 1, 1, '', '', ''),
(149, 'DELELICE ARIEL', '3462698995', 'DI MARTINO 448', 1, 1, '20362262', 'AC SOCIAL', 'MARTELOTO'),
(150, 'CORDOBA ROLANDO ', '3462602512', 'VALDEZ 1185', 8, 1, '14210065', '-', 'TEIJEIRO'),
(151, 'FERNANDEZ JUAN NICOLAS', '3462597140', 'DIMARTINO 589', 8, 1, '37814470', '-', 'VILLARREAL'),
(152, 'ALASIO JUAN CARLOS', '346215410637', 'CAMARERO 1235', 1, 1, '21434730', 'AC SOCIAL', 'GRADUACION EN USO'),
(153, 'VILLANUEVA GIULIANA', '3462324342', 'ANTARTIDA ARGENTINA 526', 8, 1, '49038495', 'PROFE', 'TEIJEIRO'),
(154, 'PETROCELLI FEDERICO', '3462560862', 'SAN MARTIN 1286', 8, 1, '33279182', 'CIENCIAS ECONOMICAS', 'ROSIERE'),
(155, 'IRMA SANZI', '3462608144', 'ALMA FUERTE 2475', 8, 1, '5770978', 'IAPOS', 'MARTELLOTTO'),
(156, 'QUINTAN FENANDA', '3462216119', 'CHACO 677', 8, 1, '25438863', '-', 'MARTELLOTTO'),
(157, 'VEGA CANDELA ', '3462663715', 'CHACO 677', 8, 1, '44306697', '-', 'TOME'),
(158, 'SCOTONI ANA MARIA ', '444041', 'LISANDRO DE LA TORRE 443 SANTI ESPIRITU', 8, 1, '11514606', 'IAPOS', 'TOME'),
(159, 'PATRICIA ANGELUSI', '3462545578', 'NATALIO PERILLO 1010', 8, 1, '17956264', 'OSDE', 'GALLO'),
(160, 'RODRIGUEZ SUSANA', '3462369054', 'FRANCIA 115', 8, 1, '13280883', '-', '-'),
(161, 'BERNI VICTORIA', '346215390145', 'SALVADORES 50', 8, 1, '', '', ''),
(162, 'PELIZZONI CELESTE', '3462366051', 'SANTIAGO BRET 634', 8, 1, '41849235', '-', 'TEIJEIRO'),
(163, 'QUERZOLA VALENTINO', '15533180', 'EVA PERON 894', 8, 1, '55531945', 'OSPE', 'CRISCI'),
(164, 'NARANJO SOFIA ', '34623382480943', 'ZONA RURAL ', 8, 1, '54341158', '-', 'TEIJEIRO'),
(165, 'MARINELLI PATRICIA', '15653576', 'MORENO 1380', 8, 1, '12326129', 'IAPOS', 'GALLO'),
(166, 'MACERATESI OSVALVO', '15653582', 'MORENO 1380', 8, 1, '12326694', '-', 'GALLO'),
(167, 'SUAREZ LUCIANA', '15660156', 'SAENZ PEÑA 361', 8, 1, '45641350', '-', 'MARTELOTTO');

-- --------------------------------------------------------

--
-- Estructura de tabla para la tabla `configuracion`
--

CREATE TABLE `configuracion` (
  `id` int(11) NOT NULL,
  `nombre` varchar(100) NOT NULL,
  `telefono` varchar(15) NOT NULL,
  `email` varchar(100) NOT NULL,
  `direccion` text NOT NULL
) ENGINE=InnoDB DEFAULT CHARSET=utf8 COLLATE=utf8_spanish_ci;

--
-- Volcado de datos para la tabla `configuracion`
--

INSERT INTO `configuracion` (`id`, `nombre`, `telefono`, `email`, `direccion`) VALUES
(1, 'Ojito de Sol', '3462314006', 'naticavaglia@gmail.com', 'Castelli 897, Venado Tuerto');

-- --------------------------------------------------------

--
-- Estructura de tabla para la tabla `descuento`
--

CREATE TABLE `descuento` (
  `id` int(10) NOT NULL,
  `descuento` decimal(10,2) NOT NULL,
  `id_usuario` int(11) NOT NULL
) ENGINE=InnoDB DEFAULT CHARSET=utf8mb4 COLLATE=utf8mb4_general_ci;

-- --------------------------------------------------------

--
-- Estructura de tabla para la tabla `detalle_permisos`
--

CREATE TABLE `detalle_permisos` (
  `id` int(11) NOT NULL,
  `id_permiso` int(11) NOT NULL,
  `id_usuario` int(11) NOT NULL
) ENGINE=InnoDB DEFAULT CHARSET=utf8mb4 COLLATE=utf8mb4_general_ci;

--
-- Volcado de datos para la tabla `detalle_permisos`
--

INSERT INTO `detalle_permisos` (`id`, `id_permiso`, `id_usuario`) VALUES
(8, 10, 10),
(1967, 1, 1),
(1968, 2, 1),
(1969, 3, 1),
(1970, 4, 1),
(1971, 5, 1),
(1972, 6, 1),
(1973, 7, 1),
(1974, 8, 1),
(1975, 9, 1),
(1976, 10, 1),
(1991, 3, 8),
(1992, 4, 8),
(1993, 5, 8),
(1994, 6, 8),
(1995, 7, 8),
(2018, 1, 10),
(2019, 2, 10),
(2020, 3, 10),
(2021, 4, 10),
(2022, 5, 10),
(2023, 6, 10),
(2024, 7, 10),
(2025, 8, 10),
(2026, 9, 10),
(2027, 10, 10),
(2028, 2, 8),
(2029, 1, 8),
(2030, 10, 8),
(2031, 9, 8),
(2032, 1, 11),
(2033, 2, 11),
(2034, 3, 11),
(2035, 4, 11),
(2036, 5, 11),
(2037, 6, 11),
(2038, 7, 11),
(2039, 8, 11),
(2040, 9, 11),
(2041, 10, 11);

-- --------------------------------------------------------

--
-- Estructura de tabla para la tabla `detalle_temp`
--

CREATE TABLE `detalle_temp` (
  `id` int(11) NOT NULL,
  `id_usuario` varchar(50) NOT NULL,
  `id_producto` int(11) NOT NULL,
  `cantidad` int(11) NOT NULL,
  `precio_venta` decimal(10,2) NOT NULL,
  `total` decimal(10,2) NOT NULL
) ENGINE=InnoDB DEFAULT CHARSET=utf8 COLLATE=utf8_spanish_ci;

-- --------------------------------------------------------

--
-- Estructura de tabla para la tabla `detalle_venta`
--

CREATE TABLE `detalle_venta` (
  `id` int(11) NOT NULL,
  `id_producto` int(11) NOT NULL,
  `id_venta` int(11) NOT NULL,
  `cantidad` decimal(10,2) NOT NULL,
  `precio` decimal(10,2) NOT NULL,
  `precio_original` decimal(10,2) NOT NULL,
  `idcristal` int(10) NOT NULL,
  `abona` decimal(10,2) NOT NULL,
  `resto` decimal(10,2) NOT NULL,
  `obrasocial` decimal(10,2) NOT NULL
) ENGINE=InnoDB DEFAULT CHARSET=utf8mb4 COLLATE=utf8mb4_general_ci;

--
-- Volcado de datos para la tabla `detalle_venta`
--

INSERT INTO `detalle_venta` (`id`, `id_producto`, `id_venta`, `cantidad`, `precio`, `precio_original`, `idcristal`, `abona`, `resto`, `obrasocial`) VALUES
(287, 139, 476, 1.00, 16800.00, 16800.00, 0, 10000.00, 6800.00, 0.00),
(288, 90, 477, 1.00, 11900.00, 11900.00, 0, 15000.00, 34700.00, 0.00),
(289, 386, 477, 1.00, 8900.00, 8900.00, 0, 15000.00, 34700.00, 0.00),
(290, 277, 477, 1.00, 28900.00, 28900.00, 0, 15000.00, 34700.00, 0.00),
(294, 384, 480, 1.00, 3800.00, 3800.00, 0, 6000.00, 9700.00, 0.00),
(295, 87, 480, 1.00, 11900.00, 11900.00, 0, 6000.00, 9700.00, 0.00),
(296, 386, 481, 1.00, 8900.00, 8900.00, 0, 3000.00, 28500.00, 0.00),
(297, 203, 481, 1.00, 22600.00, 22600.00, 0, 3000.00, 28500.00, 0.00),
(300, 385, 483, 1.00, 7900.00, 7900.00, 0, 1500.00, 21300.00, 0.00),
(301, 113, 483, 1.00, 14900.00, 14900.00, 0, 1500.00, 21300.00, 0.00),
(302, 384, 484, 1.00, 3800.00, 3800.00, 0, 18700.00, 0.00, 0.00),
(303, 104, 484, 1.00, 14900.00, 14900.00, 0, 18700.00, 0.00, 0.00),
(304, 386, 485, 1.00, 8900.00, 8900.00, 0, 10000.00, 13800.00, 0.00),
(305, 214, 485, 1.00, 14900.00, 14900.00, 0, 10000.00, 13800.00, 0.00),
(308, 384, 487, 1.00, 3800.00, 3800.00, 0, 2000.00, 18600.00, 0.00),
(309, 132, 487, 1.00, 16800.00, 16800.00, 0, 2000.00, 18600.00, 0.00),
(310, 113, 488, 1.00, 14900.00, 14900.00, 0, 7000.00, 19800.00, 0.00),
(311, 387, 488, 1.00, 11900.00, 11900.00, 0, 7000.00, 19800.00, 0.00),
(312, 386, 489, 1.00, 8900.00, 8900.00, 0, 1000.00, 24700.00, 0.00),
(313, 134, 489, 1.00, 16800.00, 16800.00, 0, 1000.00, 24700.00, 0.00),
(316, 387, 491, 1.00, 11900.00, 11900.00, 0, 2000.00, 29800.00, 0.00),
(317, 83, 491, 1.00, 19900.00, 19900.00, 0, 2000.00, 29800.00, 0.00),
(318, 385, 492, 1.00, 7900.00, 7900.00, 0, 1500.00, 21300.00, 0.00),
(319, 96, 492, 1.00, 14900.00, 14900.00, 0, 1500.00, 21300.00, 0.00),
(320, 56, 493, 1.00, 5800.00, 5800.00, 0, 4000.00, 5600.00, 0.00),
(321, 384, 493, 1.00, 3800.00, 3800.00, 0, 4000.00, 5600.00, 0.00),
(327, 387, 497, 1.00, 11900.00, 11900.00, 0, 9600.00, 8100.00, 0.00),
(328, 56, 497, 1.00, 5800.00, 5800.00, 0, 9600.00, 8100.00, 0.00),
(329, 384, 498, 1.00, 3800.00, 3800.00, 0, 9600.00, 0.00, 0.00),
(330, 56, 498, 1.00, 5800.00, 5800.00, 0, 9600.00, 0.00, 0.00),
(331, 386, 499, 1.00, 8900.00, 8900.00, 0, 5000.00, 22400.00, 0.00),
(332, 260, 499, 1.00, 18500.00, 18500.00, 0, 5000.00, 22400.00, 0.00),
(335, 206, 501, 1.00, 22600.00, 22600.00, 0, 144600.00, -3000.00, 3000.00),
(336, 525, 501, 1.00, 125000.00, 125000.00, 0, 144600.00, -3000.00, 3000.00),
(337, 387, 502, 1.00, 11900.00, 11900.00, 0, 1.00, 34499.00, 0.00),
(338, 448, 502, 1.00, 22600.00, 22600.00, 0, 1.00, 34499.00, 0.00),
(339, 56, 503, 1.00, 5800.00, 5800.00, 0, 4800.00, 4800.00, 0.00),
(340, 384, 503, 1.00, 3800.00, 3800.00, 0, 4800.00, 4800.00, 0.00),
(341, 385, 504, 1.00, 7900.00, 7900.00, 0, 5000.00, 17700.00, 0.00),
(342, 234, 504, 1.00, 14800.00, 14800.00, 0, 5000.00, 17700.00, 0.00),
(343, 384, 505, 1.00, 3800.00, 3800.00, 0, 4100.00, 5500.00, 0.00),
(344, 56, 505, 1.00, 5800.00, 5800.00, 0, 4100.00, 5500.00, 0.00),
(345, 386, 506, 1.00, 8900.00, 8900.00, 0, 5000.00, 23800.00, 0.00),
(346, 263, 506, 1.00, 19900.00, 19900.00, 0, 5000.00, 23800.00, 0.00),
(349, 113, 508, 1.00, 14900.00, 14900.00, 0, 4800.00, 22000.00, 0.00),
(350, 387, 508, 1.00, 11900.00, 11900.00, 0, 4800.00, 22000.00, 0.00),
(351, 386, 509, 1.00, 8900.00, 8900.00, 0, 1500.00, 24200.00, 0.00),
(352, 224, 509, 1.00, 16800.00, 16800.00, 0, 1500.00, 24200.00, 0.00),
(353, 386, 510, 1.00, 8900.00, 8900.00, 0, 1500.00, 22300.00, 0.00),
(354, 114, 510, 1.00, 14900.00, 14900.00, 0, 1500.00, 22300.00, 0.00),
(355, 386, 511, 1.00, 8900.00, 8900.00, 0, 5000.00, 26500.00, 0.00),
(356, 438, 511, 1.00, 22600.00, 22600.00, 0, 5000.00, 26500.00, 0.00),
(357, 204, 512, 1.00, 22600.00, 22600.00, 0, 7000.00, 27500.00, 0.00),
(358, 387, 512, 1.00, 11900.00, 11900.00, 0, 7000.00, 27500.00, 0.00),
(359, 576, 513, 1.00, 41000.00, 41000.00, 0, 70600.00, 0.00, 0.00),
(360, 498, 513, 1.00, 29600.00, 29600.00, 0, 70600.00, 0.00, 0.00),
(363, 385, 515, 1.00, 7900.00, 7900.00, 0, 5000.00, 25500.00, 0.00),
(364, 187, 515, 1.00, 22600.00, 22600.00, 0, 5000.00, 25500.00, 0.00),
(367, 546, 517, 1.00, 29980.00, 29980.00, 0, 1.00, 37879.00, 0.00),
(368, 385, 517, 1.00, 7900.00, 7900.00, 0, 1.00, 37879.00, 0.00),
(369, 501, 518, 1.00, 22600.00, 22600.00, 0, 22000.00, 9500.00, 0.00),
(370, 386, 518, 1.00, 8900.00, 8900.00, 0, 22000.00, 9500.00, 0.00),
(371, 386, 519, 1.00, 8900.00, 8900.00, 0, 1.00, 8899.00, 0.00),
(372, 95, 520, 1.00, 14900.00, 14900.00, 0, 14900.00, 0.00, 0.00),
(373, 387, 521, 1.00, 11900.00, 11900.00, 0, 10200.00, 25500.00, 0.00),
(374, 116, 521, 1.00, 11900.00, 11900.00, 0, 10200.00, 25500.00, 0.00),
(377, 385, 523, 1.00, 7900.00, 7900.00, 0, 10000.00, 14700.00, 0.00),
(378, 128, 523, 1.00, 16800.00, 16800.00, 0, 10000.00, 14700.00, 0.00),
(379, 236, 524, 1.00, 16117.20, 16117.20, 0, 4000.00, 57717.20, 6600.00),
(380, 535, 524, 1.00, 58800.00, 58800.00, 0, 4000.00, 57717.20, 6600.00),
(382, 386, 526, 1.00, 8900.00, 8900.00, 0, 2000.00, 31760.00, 0.00),
(383, 201, 526, 1.00, 24860.00, 24860.00, 0, 2000.00, 31760.00, 0.00),
(384, 56, 527, 1.00, 5800.00, 5800.00, 0, 5800.00, 0.00, 0.00),
(387, 385, 529, 1.00, 7900.00, 7900.00, 0, 28250.00, 0.00, 0.00),
(388, 71, 529, 1.00, 20350.00, 20350.00, 0, 28250.00, 0.00, 0.00),
(389, 58, 530, 1.00, 11000.00, 11000.00, 0, 11000.00, 0.00, 0.00),
(393, 140, 534, 1.00, 25641.00, 28490.00, 0, 25641.00, 0.00, 0.00),
(396, 387, 536, 1.00, 9520.00, 11900.00, 0, 35638.58, 0.00, 0.00),
(397, 550, 536, 1.00, 26118.58, 32648.22, 0, 35638.58, 0.00, 0.00),
(398, 384, 537, 1.00, 3800.00, 3800.00, 0, 3800.00, 0.00, 0.00),
(399, 296, 538, 1.00, 18876.00, 23595.00, 0, 18876.00, 0.00, 0.00),
(400, 386, 539, 1.00, 8900.00, 8900.00, 0, 2000.00, 36182.00, 0.00),
(401, 436, 539, 1.00, 29282.00, 29282.00, 0, 2000.00, 36182.00, 0.00),
(402, 394, 540, 1.00, 25071.20, 31339.00, 0, 25071.00, 0.20, 0.00),
(403, 387, 541, 1.00, 9520.00, 11900.00, 0, 35638.58, 0.00, 0.00),
(404, 547, 541, 1.00, 26118.58, 32648.22, 0, 35638.58, 0.00, 0.00),
(405, 572, 542, 1.00, 26658.72, 33323.40, 0, 45378.72, 0.00, 0.00),
(406, 580, 542, 1.00, 18720.00, 23400.00, 0, 45378.72, 0.00, 0.00),
(407, 96, 543, 1.00, 14900.00, 14900.00, 0, 26681.00, 0.00, 0.00),
(408, 387, 543, 1.00, 11781.00, 11781.00, 0, 26681.00, 0.00, 0.00),
(419, 56, 549, 1.00, 5800.00, 5800.00, 0, 9700.00, 0.00, 0.00),
(420, 384, 549, 1.00, 3900.00, 3900.00, 0, 9700.00, 0.00, 0.00),
(421, 384, 550, 1.00, 3510.00, 3900.00, 0, 9700.00, 16184.00, 0.00),
(422, 446, 550, 1.00, 22374.00, 24860.00, 0, 9700.00, 16184.00, 0.00),
(425, 384, 552, 1.00, 3900.00, 3900.00, 0, 9700.00, 0.00, 0.00),
(426, 56, 552, 1.00, 5800.00, 5800.00, 0, 9700.00, 0.00, 0.00),
(427, 390, 553, 1.00, 9801.00, 9801.00, 0, 27382.00, 0.00, 0.00),
(428, 56, 553, 1.00, 5800.00, 5800.00, 0, 27382.00, 0.00, 0.00),
(429, 387, 553, 1.00, 11781.00, 11781.00, 0, 27382.00, 0.00, 0.00),
(431, 535, 555, 1.00, 58800.00, 58800.00, 0, 58800.00, 0.00, 0.00),
(432, 297, 556, 1.00, 23595.00, 23595.00, 0, 23595.00, 0.00, 0.00),
(433, 56, 557, 1.00, 5800.00, 5800.00, 0, -3.00, 9703.00, 0.00),
(434, 384, 557, 1.00, 3900.00, 3900.00, 0, -3.00, 9703.00, 0.00),
(435, 384, 558, 1.00, 3900.00, 3900.00, 0, 3900.00, 0.00, 0.00),
(436, 198, 559, 1.00, 24860.00, 24860.00, 0, 27160.00, 0.00, 3300.00),
(437, 386, 559, 1.00, 8900.00, 8900.00, 0, 27160.00, 0.00, 3300.00),
(438, 583, 560, 1.00, 1000.00, 1000.00, 0, 1000.00, -100.00, 2000.00),
(439, 384, 560, 1.00, 3900.00, 3900.00, 0, 1000.00, -100.00, 2000.00),
(440, 516, 561, 1.00, 19250.00, 19250.00, 0, 19250.00, 0.00, 0.00),
(441, 92, 562, 1.00, 10472.00, 13090.00, 0, 18304.00, 0.00, 0.00),
(442, 386, 562, 1.00, 7832.00, 9790.00, 0, 18304.00, 0.00, 0.00),
(443, 56, 563, 1.00, 5104.00, 6380.00, 0, 8536.00, 0.00, 0.00),
(444, 384, 563, 1.00, 3432.00, 4290.00, 0, 8536.00, 0.00, 0.00),
(445, 265, 564, 1.00, 17512.00, 21890.00, 0, 17512.00, 0.00, 0.00),
(446, 385, 565, 1.00, 6952.00, 8690.00, 0, 19845.76, 0.00, 0.00),
(447, 236, 565, 1.00, 12893.76, 16117.20, 0, 19845.76, 0.00, 0.00),
(448, 295, 566, 1.00, 17696.25, 23595.00, 0, 17696.25, 0.00, 0.00),
(451, 56, 568, 1.00, 6380.00, 6380.00, 0, 6380.00, 0.00, 0.00),
(452, 580, 569, 1.00, 25740.00, 25740.00, 0, 12000.00, 37759.60, 0.00),
(453, 151, 569, 1.00, 24019.60, 24019.60, 0, 12000.00, 37759.60, 0.00),
(456, 531, 571, 1.00, 19166.40, 23958.00, 0, 5000.00, 27060.16, 0.00),
(457, 235, 571, 1.00, 12893.76, 16117.20, 0, 5000.00, 27060.16, 0.00),
(458, 386, 572, 1.00, 8811.00, 9790.00, 0, 27126.00, 0.00, 0.00),
(459, 584, 572, 1.00, 18315.00, 20350.00, 0, 27126.00, 0.00, 0.00),
(460, 336, 573, 1.00, 32560.00, 32560.00, 0, 32560.00, 0.00, 0.00),
(461, 388, 574, 1.00, 14300.00, 14300.00, 0, 20680.00, 0.00, 0.00),
(462, 56, 574, 1.00, 6380.00, 6380.00, 0, 20680.00, 0.00, 0.00),
(463, 528, 575, 1.00, 55000.00, 55000.00, 0, 55000.00, 0.00, 0.00),
(464, 365, 576, 1.00, 10791.00, 11990.00, 0, 6000.00, 8652.00, 0.00),
(465, 384, 576, 1.00, 3861.00, 4290.00, 0, 6000.00, 8652.00, 0.00),
(466, 85, 577, 1.00, 10472.00, 13090.00, 0, 50000.00, 99714.40, 0.00),
(467, 206, 577, 1.00, 19888.00, 24860.00, 0, 50000.00, 99714.40, 0.00),
(468, 525, 577, 1.00, 119354.40, 149193.00, 0, 50000.00, 99714.40, 0.00),
(469, 56, 578, 1.00, 6380.00, 6380.00, 0, 6380.00, 0.00, 0.00),
(470, 511, 579, 1.00, 18590.00, 18590.00, 0, 28380.00, 0.00, 0.00),
(471, 386, 579, 1.00, 9790.00, 9790.00, 0, 28380.00, 0.00, 0.00),
(472, 118, 580, 1.00, 14900.00, 14900.00, 0, 14900.00, 0.00, 0.00),
(473, 93, 581, 1.00, 11920.00, 14900.00, 0, 4000.00, 15752.00, 0.00),
(474, 386, 581, 1.00, 7832.00, 9790.00, 0, 4000.00, 15752.00, 0.00),
(476, 386, 583, 1.00, 9790.00, 9790.00, 0, 5000.00, 4790.00, 0.00),
(477, 56, 584, 1.00, 6380.00, 6380.00, 0, 1.00, 6379.00, 0.00),
(478, 390, 585, 1.00, 9163.94, 10781.10, 0, 9000.00, 15965.44, 0.00),
(479, 54, 585, 1.00, 15801.50, 18590.00, 0, 9000.00, 15965.44, 0.00),
(484, 56, 588, 1.00, 6380.00, 6380.00, 0, 5900.00, 4770.00, 0.00),
(485, 384, 588, 1.00, 4290.00, 4290.00, 0, 5900.00, 4770.00, 0.00),
(487, 385, 590, 1.00, 6952.00, 8690.00, 0, 4000.00, 20569.60, 0.00),
(488, 306, 590, 1.00, 17617.60, 22022.00, 0, 4000.00, 20569.60, 0.00),
(489, 67, 591, 1.00, 15262.50, 20350.00, 0, 21780.00, 0.00, 0.00),
(490, 385, 591, 1.00, 6517.50, 8690.00, 0, 21780.00, 0.00, 0.00),
(491, 205, 592, 1.00, 19888.00, 24860.00, 0, 4000.00, 23720.00, 0.00),
(492, 386, 592, 1.00, 7832.00, 9790.00, 0, 4000.00, 23720.00, 0.00),
(495, 385, 594, 1.00, 8690.00, 8690.00, 0, 1000.00, 22590.00, 0.00),
(496, 112, 594, 1.00, 14900.00, 14900.00, 0, 1000.00, 22590.00, 0.00),
(497, 386, 595, 1.00, 9790.00, 9790.00, 0, 42438.22, 0.00, 0.00),
(498, 547, 595, 1.00, 32648.22, 32648.22, 0, 42438.22, 0.00, 0.00),
(499, 384, 596, 1.00, 4290.00, 4290.00, 0, 3900.00, 6770.00, 0.00),
(500, 56, 596, 1.00, 6380.00, 6380.00, 0, 3900.00, 6770.00, 0.00),
(501, 56, 597, 1.00, 6380.00, 6380.00, 0, 7900.00, 9261.10, 0.00),
(502, 390, 597, 1.00, 10781.10, 10781.10, 0, 7900.00, 9261.10, 0.00),
(503, 384, 598, 1.00, 4290.00, 4290.00, 0, 26180.00, 0.00, 0.00),
(504, 233, 598, 1.00, 21890.00, 21890.00, 0, 26180.00, 0.00, 0.00),
(505, 384, 599, 1.00, 4290.00, 4290.00, 0, 10670.00, 0.00, 0.00),
(506, 56, 599, 1.00, 6380.00, 6380.00, 0, 10670.00, 0.00, 0.00),
(507, 272, 600, 1.00, 27060.00, 36080.00, 0, 60.00, 27000.00, 0.00),
(510, 192, 602, 1.00, 18160.00, 24860.00, 0, 1.00, 28940.10, 6700.00),
(511, 390, 602, 1.00, 4081.10, 10781.10, 0, 1.00, 28940.10, 6700.00),
(512, 386, 603, 1.00, 7832.00, 9790.00, 0, 19752.00, 0.00, 0.00),
(513, 92, 603, 1.00, 11920.00, 14900.00, 0, 19752.00, 0.00, 0.00),
(514, 386, 604, 1.00, 5192.00, 9790.00, 0, 4000.00, 21080.00, 3300.00),
(515, 449, 604, 1.00, 17248.00, 24860.00, 0, 4000.00, 21080.00, 3300.00),
(516, 387, 605, 1.00, 11015.24, 12959.10, 0, 10000.00, 13680.24, 0.00),
(517, 96, 605, 1.00, 12665.00, 14900.00, 0, 10000.00, 13680.24, 0.00),
(518, 384, 606, 1.00, 4290.00, 4290.00, 0, 4290.00, 0.00, 0.00),
(519, 274, 607, 1.00, 43000.00, 43000.00, 0, 43000.00, 0.00, 0.00),
(520, 386, 608, 1.00, 7832.00, 9790.00, 0, 9000.00, 18720.00, 0.00),
(521, 198, 608, 1.00, 19888.00, 24860.00, 0, 9000.00, 18720.00, 0.00),
(522, 386, 609, 1.00, 9790.00, 9790.00, 0, 1.00, 9789.00, 0.00),
(523, 273, 610, 1.00, 36080.00, 36080.00, 0, 36080.00, 0.00, 0.00),
(524, 390, 611, 1.00, 10781.10, 10781.10, 0, 10781.00, 0.10, 0.00),
(525, 385, 612, 1.00, 8690.00, 8690.00, 0, 4000.00, 29550.00, 0.00),
(526, 207, 612, 1.00, 24860.00, 24860.00, 0, 4000.00, 29550.00, 0.00),
(527, 387, 613, 1.00, 9659.10, 12959.10, 0, 11924.00, 11925.10, 3300.00),
(528, 361, 613, 1.00, 10890.00, 14190.00, 0, 11924.00, 11925.10, 3300.00),
(529, 590, 614, 1.00, 32900.00, 32900.00, 0, 5000.00, 38280.00, 0.00),
(530, 386, 614, 1.00, 10380.00, 10380.00, 0, 5000.00, 38280.00, 0.00),
(533, 525, 616, 1.00, 115354.40, 149193.00, 0, 38000.00, 99914.40, 5000.00),
(534, 584, 616, 1.00, 18560.00, 28200.00, 0, 38000.00, 99914.40, 5000.00),
(538, 557, 618, 1.00, 37840.00, 37840.00, 0, 20.00, 48200.00, 0.00),
(539, 386, 618, 1.00, 10380.00, 10380.00, 0, 20.00, 48200.00, 0.00),
(540, 386, 619, 1.00, 5380.00, 10380.00, 0, 1.00, 38279.00, 5000.00),
(541, 585, 619, 1.00, 27900.00, 32900.00, 0, 1.00, 38279.00, 5000.00),
(542, 613, 620, 1.00, 27920.00, 34900.00, 0, 60000.00, 126540.00, 0.00),
(543, 468, 620, 1.00, 14872.00, 18590.00, 0, 60000.00, 126540.00, 0.00),
(544, 538, 620, 1.00, 143748.00, 179685.00, 0, 60000.00, 126540.00, 0.00),
(545, 384, 621, 1.00, -1050.00, 4290.00, 0, 2000.00, 8940.00, 5340.00),
(546, 370, 621, 1.00, 6650.00, 11990.00, 0, 2000.00, 8940.00, 5340.00),
(547, 385, 622, 1.00, 5091.50, 9290.00, 0, 19023.00, 0.00, 3300.00),
(548, 106, 622, 1.00, 11126.50, 16390.00, 0, 19023.00, 0.00, 3300.00),
(549, 387, 623, 1.00, 13736.00, 13736.00, 0, 5000.00, 27326.00, 0.00),
(550, 94, 623, 1.00, 18590.00, 18590.00, 0, 5000.00, 27326.00, 0.00),
(551, 503, 624, 1.00, 18590.00, 18590.00, 0, 34890.00, 0.00, 0.00),
(552, 530, 624, 1.00, 16300.00, 16300.00, 0, 34890.00, 0.00, 0.00),
(553, 557, 625, 1.00, 37840.00, 37840.00, 0, 207383.00, 0.00, 0.00),
(554, 525, 625, 1.00, 149193.00, 149193.00, 0, 207383.00, 0.00, 0.00),
(555, 584, 625, 1.00, 20350.00, 20350.00, 0, 207383.00, 0.00, 0.00),
(558, 56, 627, 1.00, -4290.00, 6380.00, 0, 10.00, 7130.00, 10670.00),
(559, 390, 627, 1.00, 760.00, 11430.00, 0, 10.00, 7130.00, 10670.00),
(560, 386, 628, 1.00, 10380.00, 10380.00, 0, 1.00, 10379.00, 0.00),
(561, 330, 629, 1.00, 24400.00, 24400.00, 0, 24400.00, 0.00, 0.00),
(562, 384, 630, 1.00, -5710.00, 4290.00, 0, 670.00, 0.00, 10000.00),
(563, 56, 630, 1.00, -3620.00, 6380.00, 0, 670.00, 0.00, 10000.00),
(564, 388, 631, 1.00, 15300.00, 15300.00, 0, 33780.00, 0.00, 0.00),
(565, 136, 631, 1.00, 18480.00, 18480.00, 0, 33780.00, 0.00, 0.00),
(566, 381, 632, 1.00, 9790.00, 9790.00, 0, 3.00, 158980.00, 0.00),
(567, 525, 632, 1.00, 149193.00, 149193.00, 0, 3.00, 158980.00, 0.00),
(568, 356, 633, 1.00, 14190.00, 14190.00, 0, 23480.00, 0.00, 0.00),
(569, 385, 633, 1.00, 9290.00, 9290.00, 0, 23480.00, 0.00, 0.00),
(570, 58, 634, 1.00, 11000.00, 11000.00, 0, 11000.00, 0.00, 0.00),
(573, 29, 636, 1.00, 18720.00, 30200.00, 0, 22152.00, 0.00, 6800.00),
(574, 384, 636, 1.00, -2008.00, 4290.00, 0, 22152.00, 0.00, 6800.00),
(575, 386, 637, 1.00, 10380.00, 10380.00, 0, 28970.00, 0.00, 0.00),
(576, 445, 637, 1.00, 18590.00, 18590.00, 0, 28970.00, 0.00, 0.00),
(578, 387, 639, 1.00, 13736.00, 13736.00, 0, 13736.00, 0.00, 0.00),
(581, 93, 641, 1.00, 3850.00, 16390.00, 0, 13140.00, 0.00, 12540.00),
(582, 385, 641, 1.00, -3250.00, 9290.00, 0, 13140.00, 0.00, 12540.00),
(583, 386, 642, 1.00, 7080.00, 10380.00, 0, 28970.00, 0.00, 3300.00),
(584, 579, 642, 1.00, 18590.00, 21890.00, 0, 28970.00, 0.00, 3300.00),
(585, 289, 643, 1.00, 28800.00, 36000.00, 0, 37104.00, 0.00, 0.00),
(586, 386, 643, 1.00, 8304.00, 10380.00, 0, 37104.00, 0.00, 0.00),
(587, 79, 644, 1.00, 20850.00, 27800.00, 0, 28635.00, 0.00, 0.00),
(588, 386, 644, 1.00, 7785.00, 10380.00, 0, 28635.00, 0.00, 0.00),
(589, 386, 645, 1.00, 8304.00, 10380.00, 0, 36224.00, 0.00, 0.00),
(590, 614, 645, 1.00, 27920.00, 34900.00, 0, 36224.00, 0.00, 0.00),
(591, 198, 646, 1.00, 24860.00, 24860.00, 0, 38596.00, 0.00, 0.00),
(592, 387, 646, 1.00, 13736.00, 13736.00, 0, 38596.00, 0.00, 0.00),
(593, 384, 647, 1.00, 1010.00, 4290.00, 0, 1010.00, 0.00, 3280.00),
(594, 386, 648, 1.00, 10380.00, 10380.00, 0, 1.00, 36279.00, 0.00),
(595, 618, 648, 1.00, 25900.00, 25900.00, 0, 1.00, 36279.00, 0.00),
(596, 89, 649, 1.00, 19900.00, 19900.00, 0, 45066.00, 0.00, 0.00),
(597, 390, 649, 1.00, 11430.00, 11430.00, 0, 45066.00, 0.00, 0.00),
(598, 387, 649, 1.00, 13736.00, 13736.00, 0, 45066.00, 0.00, 0.00),
(599, 57, 650, 1.00, 9900.00, 9900.00, 0, 8000.00, 6190.00, 0.00),
(600, 384, 650, 1.00, 4290.00, 4290.00, 0, 8000.00, 6190.00, 0.00),
(601, 235, 651, 1.00, 17010.00, 18900.00, 0, 25371.00, 0.00, 0.00),
(602, 385, 651, 1.00, 8361.00, 9290.00, 0, 25371.00, 0.00, 0.00),
(603, 386, 652, 1.00, 6340.00, 10380.00, 0, 44930.00, 0.00, 4040.00),
(604, 459, 652, 1.00, 34550.00, 38590.00, 0, 44930.00, 0.00, 4040.00),
(605, 548, 653, 1.00, 32648.22, 32648.22, 0, 46548.22, 0.00, 0.00),
(606, 387, 653, 1.00, 13900.00, 13900.00, 0, 46548.22, 0.00, 0.00),
(607, 387, 654, 1.00, 13900.00, 13900.00, 0, 1.00, 13899.00, 0.00),
(608, 386, 655, 1.00, 10380.00, 10380.00, 0, 36380.00, 0.00, 0.00),
(609, 584, 655, 1.00, 26000.00, 26000.00, 0, 36380.00, 0.00, 0.00),
(610, 202, 656, 1.00, 22780.00, 26800.00, 0, 22780.00, 0.00, 0.00),
(611, 139, 657, 1.00, 25000.00, 25000.00, 0, 35380.00, 0.00, 0.00),
(612, 386, 657, 1.00, 10380.00, 10380.00, 0, 35380.00, 0.00, 0.00),
(613, 532, 658, 1.00, 36000.00, 45000.00, 0, 25000.00, 21320.00, 0.00),
(614, 378, 658, 1.00, 10320.00, 12900.00, 0, 25000.00, 21320.00, 0.00),
(615, 56, 659, 1.00, 1040.00, 6380.00, 0, 5330.00, 0.00, 5340.00),
(616, 384, 659, 1.00, -1050.00, 4290.00, 0, 5330.00, 0.00, 5340.00),
(617, 319, 660, 1.00, 17900.00, 17900.00, 0, 13900.00, 4000.00, 0.00),
(618, 111, 661, 1.00, 14900.00, 14900.00, 0, 25280.00, 0.00, 0.00),
(619, 386, 661, 1.00, 10380.00, 10380.00, 0, 25280.00, 0.00, 0.00),
(620, 386, 662, 1.00, 10380.00, 10380.00, 0, 36380.00, 0.00, 0.00),
(621, 596, 662, 1.00, 26000.00, 26000.00, 0, 36380.00, 0.00, 0.00),
(622, 531, 663, 1.00, 23960.00, 23960.00, 0, 23960.00, 0.00, 0.00),
(623, 226, 664, 1.00, 18480.00, 18480.00, 0, 18480.00, 0.00, 0.00),
(624, 330, 665, 1.00, 24400.00, 24400.00, 0, 24400.00, 0.00, 0.00),
(625, 56, 666, 1.00, 6380.00, 6380.00, 0, 6380.00, 0.00, 0.00),
(626, 604, 667, 1.00, 42330.00, 49800.00, 0, 50000.00, 15220.50, 0.00),
(627, 531, 667, 1.00, 22890.50, 26930.00, 0, 50000.00, 15220.50, 0.00),
(628, 386, 668, 1.00, 10380.00, 10380.00, 0, 22940.00, 23370.00, 0.00),
(629, 647, 668, 1.00, 35930.00, 35930.00, 0, 22940.00, 23370.00, 0.00),
(630, 67, 669, 1.00, 24600.00, 24600.00, 0, 10000.00, 30900.00, 0.00),
(631, 530, 669, 1.00, 16300.00, 16300.00, 0, 10000.00, 30900.00, 0.00),
(632, 384, 670, 1.00, 4290.00, 4290.00, 0, 1.00, 4289.00, 0.00),
(633, 514, 671, 1.00, 16900.00, 16900.00, 0, 27280.00, 0.00, 0.00),
(634, 386, 671, 1.00, 10380.00, 10380.00, 0, 27280.00, 0.00, 0.00),
(635, 549, 672, 1.00, 21840.00, 32640.00, 0, 32220.00, 0.00, 10800.00),
(636, 386, 672, 1.00, -420.00, 10380.00, 0, 32220.00, 0.00, 10800.00),
(637, 530, 673, 1.00, 6300.00, 16300.00, 0, 5000.00, 7680.00, 10000.00),
(638, 56, 673, 1.00, -3620.00, 6380.00, 0, 5000.00, 7680.00, 10000.00),
(639, 206, 674, 1.00, 22374.00, 24860.00, 0, 20000.00, 42874.00, 0.00),
(640, 532, 674, 1.00, 40500.00, 45000.00, 0, 20000.00, 42874.00, 0.00),
(641, 181, 675, 1.00, 18590.00, 18590.00, 0, 26000.00, 1880.00, 0.00),
(642, 385, 675, 1.00, 9290.00, 9290.00, 0, 26000.00, 1880.00, 0.00),
(643, 388, 676, 1.00, 8800.00, 15300.00, 0, 18700.00, 0.00, 6500.00),
(644, 57, 676, 1.00, 3400.00, 9900.00, 0, 18700.00, 0.00, 6500.00),
(645, 330, 677, 1.00, 19520.00, 24400.00, 0, 19520.00, 19520.00, 0.00),
(650, 386, 680, 1.00, 9342.00, 10380.00, 0, 5000.00, 35752.00, 0.00),
(651, 613, 680, 1.00, 31410.00, 34900.00, 0, 5000.00, 35752.00, 0.00),
(652, 126, 681, 1.00, 11880.00, 18480.00, 0, 4900.00, 25560.00, 6600.00),
(653, 385, 681, 2.00, 2690.00, 9290.00, 0, 4900.00, 25560.00, 6600.00),
(657, 649, 683, 1.00, 28930.00, 35930.00, 0, 10000.00, 55930.00, 7000.00),
(658, 603, 683, 1.00, 30000.00, 37000.00, 0, 10000.00, 55930.00, 7000.00),
(662, 622, 685, 1.00, 19000.00, 26000.00, 0, 34000.00, 193860.00, 7000.00),
(663, 203, 685, 1.00, 17860.00, 24860.00, 0, 34000.00, 193860.00, 7000.00),
(664, 660, 685, 1.00, 177000.00, 184000.00, 0, 34000.00, 193860.00, 7000.00),
(667, 349, 687, 1.00, 15300.00, 17000.00, 0, 20000.00, 39400.00, 0.00),
(668, 533, 687, 1.00, 44100.00, 49000.00, 0, 20000.00, 39400.00, 0.00),
(669, 621, 688, 1.00, 26000.00, 26000.00, 0, 35290.00, 0.00, 0.00),
(670, 385, 688, 1.00, 9290.00, 9290.00, 0, 35290.00, 0.00, 0.00),
(671, 405, 689, 1.00, 27885.00, 37180.00, 0, 27885.00, 0.00, 0.00),
(674, 384, 691, 1.00, -3710.00, 4290.00, 0, 2.00, 2668.00, 8000.00),
(675, 56, 691, 1.00, -1620.00, 6380.00, 0, 2.00, 2668.00, 8000.00),
(676, 385, 692, 1.00, 9290.00, 9290.00, 0, 3000.00, 30190.00, 0.00),
(677, 619, 692, 1.00, 23900.00, 23900.00, 0, 3000.00, 30190.00, 0.00),
(678, 386, 693, 1.00, 10380.00, 10380.00, 0, 3000.00, 23770.00, 0.00),
(679, 102, 693, 1.00, 16390.00, 16390.00, 0, 3000.00, 23770.00, 0.00),
(680, 385, 694, 1.00, 9290.00, 9290.00, 0, 27880.00, 0.00, 0.00),
(681, 94, 694, 1.00, 18590.00, 18590.00, 0, 27880.00, 0.00, 0.00),
(690, 384, 699, 1.00, 4290.00, 4290.00, 0, 41400.00, 2540.00, 0.00),
(691, 282, 699, 1.00, 30360.00, 30360.00, 0, 41400.00, 2540.00, 0.00),
(692, 385, 699, 1.00, 9290.00, 9290.00, 0, 41400.00, 2540.00, 0.00),
(693, 386, 700, 1.00, 10380.00, 10380.00, 0, 45940.00, 0.00, 0.00),
(694, 242, 700, 1.00, 35560.00, 35560.00, 0, 45940.00, 0.00, 0.00),
(695, 386, 701, 1.00, 10380.00, 10380.00, 0, 16760.00, 0.00, 0.00),
(696, 56, 701, 1.00, 6380.00, 6380.00, 0, 16760.00, 0.00, 0.00),
(697, 529, 774, 1.00, 47560.00, 47560.00, 0, 321.00, 47239.00, 0.00),
(698, 529, 775, 1.00, 47560.00, 47560.00, 0, 12.00, 47548.00, 0.00),
(699, 648, 790, 1.00, 35930.00, 35930.00, 0, 20000.00, 15930.00, 0.00),
(700, 384, 791, 1.00, 4290.00, 4290.00, 0, 1500.00, 2790.00, 0.00);

-- --------------------------------------------------------

--
-- Estructura de tabla para la tabla `egresos`
--

CREATE TABLE `egresos` (
  `id` int(10) NOT NULL,
  `egresos` decimal(10,2) NOT NULL,
  `fecha` date NOT NULL,
  `descripcion` text NOT NULL,
  `id_cliente` int(10) NOT NULL,
  `id_metodo` int(11) NOT NULL
) ENGINE=InnoDB DEFAULT CHARSET=utf8mb4 COLLATE=utf8mb4_general_ci;

-- --------------------------------------------------------

--
-- Estructura de tabla para la tabla `graduaciones`
--

CREATE TABLE `graduaciones` (
  `id` int(10) NOT NULL,
  `od_l_1` text NOT NULL,
  `od_l_2` text NOT NULL,
  `od_l_3` text NOT NULL,
  `oi_l_1` text NOT NULL,
  `oi_l_2` text NOT NULL,
  `oi_l_3` text NOT NULL,
  `od_c_1` text NOT NULL,
  `od_c_2` text NOT NULL,
  `od_c_3` text NOT NULL,
  `oi_c_1` text NOT NULL,
  `oi_c_2` text NOT NULL,
  `oi_c_3` text NOT NULL,
  `addg` text NOT NULL,
  `id_venta` int(11) NOT NULL,
  `obs` text NOT NULL
) ENGINE=InnoDB DEFAULT CHARSET=utf8mb4 COLLATE=utf8mb4_general_ci;

--
-- Volcado de datos para la tabla `graduaciones`
--

INSERT INTO `graduaciones` (`id`, `od_l_1`, `od_l_2`, `od_l_3`, `oi_l_1`, `oi_l_2`, `oi_l_3`, `od_c_1`, `od_c_2`, `od_c_3`, `oi_c_1`, `oi_c_2`, `oi_c_3`, `addg`, `id_venta`, `obs`) VALUES
(157, '-2.00', '-1.50', '8', '-1.75', '-1.75', '170', '0', '0', '0', '0', '0', '0', '0', 478, 'Sin Observaciones'),
(158, '-0.75', '0', '0', '-0.25', '0', '0', '0', '0', '0', '0', '0', '0', '0', 478, 'Sin Observaciones'),
(159, '+0.75', '-0.50', '50', '+0.75', '-0.50', '100', '0', '0', '0', '0', '0', '0', '0', 479, 'Sin Observaciones'),
(160, '+0.75', '-0.50', '50', '+0.75', '-0.25', '100', '0', '0', '0', '0', '0', '0', '+1.50', 479, 'Sin Observaciones'),
(161, '+0.75', '-0.50', '50', '+0.75', '-0.25', '100', '0', '0', '0', '0', '0', '0', '+1.50', 480, 'Sin Observaciones'),
(162, '-0.75', '0', '0', '-0.25', '0', '0', '0', '0', '0', '0', '0', '0', '0', 481, 'Sin Observaciones'),
(163, '+0.75', '-0.50', '50', '+0.75', '-0.25', '100', '0', '0', '0', '0', '0', '0', '+1.50', 482, 'Sin Observaciones'),
(164, '+0.25', '-0.50', '180', '+0.25', '-0.50', '180', '0', '0', '0', '0', '0', '0', '0', 482, 'Sin Observaciones'),
(165, '-0.50', '-0.50', '180', '-0.50', '-0.75', '15', '0', '0', '0', '0', '0', '0', '0', 483, 'Sin Observaciones'),
(166, '+0.25', '-0.50', '180', '+0.25', '-0.50', '180', '0', '0', '0', '0', '0', '0', '0', 484, 'Sin Observaciones'),
(167, '+0.25', '-0.50', '170', '+0.50', '-0.75', '10', '0', '0', '0', '0', '0', '0', '0', 485, 'Sin Observaciones'),
(168, '0', '0', '0', '0', '0', '0', '+2.00', '0', '0', '+1.75', '0', '0', '0', 487, 'SOL'),
(169, '+1.75', '-3.50', '15', '+1.75', '-3.75', '170', '0', '0', '0', '0', '0', '0', '0', 488, 'SOL'),
(170, '+0.50', '-0.,50', '130', '+0.25', '-0.25', '180', '0', '0', '0', '0', '0', '0', '0', 489, 'Sin Observaciones'),
(171, '+0.75', '-0.50', '50', '+0.75', '-0.25', '100', '0', '0', '0', '0', '0', '0', '+1.50', 490, 'Sin Observaciones'),
(172, '+3.75', '-4.00', '5', '+4.50', '-4.50', '180', '0', '0', '0', '0', '0', '0', '0', 491, 'SOL'),
(173, '-3.50', '-2.00', '15', '-2.50', '-2.00', '150', '0', '0', '0', '0', '0', '0', '0', 492, 'Sin Observaciones'),
(174, '0', '0', '0', '0', '0', '0', '+2.25', '-0.50', '50', '+2.25', '-0.25', '110', '0', 493, 'Sin Observaciones'),
(175, '0', '0', '0', '0', '0', '0', '+2.25', '-0.50', '50', '+2.25', '-0.25', '110', '0', 494, 'Sin Observaciones'),
(176, '+1.00', '-2.00', '180', '-1.25', '+2.75', '72', '0', '0', '0', '0', '0', '0', '0', 496, 'Sin Observaciones'),
(177, '+1.00', '-2.00', '180', '-1.25', '+2.75', '72', '0', '0', '0', '0', '0', '0', '0', 497, 'Sin Observaciones'),
(178, '-0.25', '-1.25', '25', '-0.25', '-1.50', '175', '0', '0', '0', '0', '0', '0', '0', 498, 'SOL'),
(179, '0', '-0.25', '115', '0', '-0.25', '50', '0', '0', '0', '0', '0', '0', '0', 499, 'SOL'),
(180, '+2.00', '-0.50', '90', '+2.50', '0', '0', '+3.75', '-0.50', '90', '+4.25', '0', '0', '0', 501, 'SOL'),
(181, '-1.25', '-2.75', '175', '-2.75', '-2.50', '180', '0', '0', '0', '0', '0', '0', '0', 502, 'SOL'),
(182, '+1.00', '-0.75', '5', '+0.50', '-0.50', '180', '0', '0', '0', '0', '0', '0', '0', 503, 'SOL'),
(183, '-0.25', '+0.25', '80', '-0.25', '0', '0', '0', '0', '0', '0', '0', '0', '0', 504, 'sol'),
(184, '+0.75', '-+0.75', '180', '+1.00', '-1.50', '180', '0', '0', '0', '0', '0', '0', '0', 505, 'sol'),
(185, '0', '-0.50', '180', '0', '-0,50', '180', '0', '0', '0', '0', '0', '0', '0', 506, 'Sin Observaciones'),
(186, '+0.50', '+2.00', '100', '+0.25', '+2.50', '78', '0', '0', '0', '0', '0', '0', '0', 507, 'Sin Observaciones'),
(187, '+0.50', '+2.00', '100', '+0.25', '+2.50', '78', '0', '0', '0', '0', '0', '0', '0', 508, 'Sin Observaciones'),
(188, '0', '-1.50', '180', '0', '-1.00', '175', '0', '0', '0', '0', '0', '0', '0', 509, 'Sin Observaciones'),
(189, '0', '+1.75', '20', '0', '+1.50', '90', '0', '0', '0', '0', '0', '0', '0', 510, 'Sin Observaciones'),
(190, '-2.25', '0', '0', '-2.75', '0', '0', '0', '0', '0', '0', '0', '0', '0', 511, 'SOL'),
(191, '-0.75', '-2.00', '155', '-0.50', '-2.25', '15', '0', '0', '0', '0', '0', '0', '0', 512, 'Sin Observaciones'),
(192, '0', '0', '0', '0', '0', '0', '+1.75', '0', '0', '+1.75', '0', '0', '0', 513, 'Sin Observaciones'),
(193, '-0.50', '-3.50', '180', '-0.75', '-4.00', '180', '0', '0', '0', '0', '0', '0', '0', 514, 'Sin Observaciones'),
(194, '+0.75', '0', '0', '+0.75', '-0.50', '20', '0', '0', '0', '0', '0', '0', '0', 514, 'Sin Observaciones'),
(195, '+0.75', '0', '0', '+0.75', '-0.50', '20', '0', '0', '0', '0', '0', '0', '0', 515, 'Sin Observaciones'),
(196, '+3.00', '-1.75', '180', '+2.50', '-1.25', '170', '0', '0', '0', '0', '0', '0', '0', 516, 'Sin Observaciones'),
(197, '+3.00', '-1.75', '180', '+2.50', '-1.25', '170', '0', '0', '0', '0', '0', '0', '0', 516, 'Sin Observaciones'),
(198, '+3.00', '-1.75', '180', '+2.50', '-1.25', '170', '0', '0', '0', '0', '0', '0', '0', 517, 'Sin Observaciones'),
(199, '+0.75', '-1.00', '160', '+2.00', '-1.75', '10', '0', '0', '0', '0', '0', '0', '0', 518, 'Sin Observaciones'),
(200, '+0.50', '0', '0', '+0.50', '0', '0', '0', '0', '0', '0', '0', '0', '0', 519, 'Sin Observaciones'),
(201, '+1.00', '-3.50', '170', '+1.50', '-3.75', '170', '0', '0', '0', '0', '0', '0', '0', 521, 'Sin Observaciones'),
(202, '+0.25', '-0.50', '155', '+0.25', '-0.75', '20', '0', '0', '0', '0', '0', '0', '0', 522, 'Sin Observaciones'),
(203, '+0.25', '-0.50', '155', '+0.25', '-0.75', '20', '0', '0', '0', '0', '0', '0', '0', 523, 'Sin Observaciones'),
(204, '+0.50', '0', '0', '+0.50', '0', '0', '0', '0', '0', '0', '0', '0', '+2.50', 524, 'Sin Observaciones'),
(205, '0', '0', '0', '0', '0', '0', '+3.00', '0', '0', '+3.00', '0', '0', '0', 524, 'Sin Observaciones'),
(206, '0', '0', '0', '0', '0', '0', '+0.50', '0', '0', '+0.50', '0', '0', '0', 526, 'Sin Observaciones'),
(207, '+1.25', '-2.25', '10', '+2.00', '-2.25', '10', '0', '0', '0', '0', '0', '0', '0', 527, 'Sin Observaciones'),
(208, '-2.50', '-0.75', '170', '-2.50', '-0.75', '170', '0', '0', '0', '0', '0', '0', '0', 528, 'Sin Observaciones'),
(209, '-2.50', '-0.75', '170', '-2.50', '-0.50', '170', '0', '0', '0', '0', '0', '0', '0', 529, 'Sin Observaciones'),
(210, '-2.50', '-2.75', '175', '-0.75', '-2.75', '180', '0', '0', '0', '0', '0', '0', '0', 536, 'Sin Observaciones'),
(211, '-0.,50', '-1.00', '50', '-0.75', '-0.50', '140', '0', '0', '0', '0', '0', '0', '0', 537, 'Sin Observaciones'),
(212, '-2.50', '-1.25', '10', '-3.00', '-1.50', '160', '0', '0', '0', '0', '0', '0', '0', 539, 'Sin Observaciones'),
(213, '0', '-2.25', '115', '0', '-1.75', '71', '0', '0', '0', '0', '0', '0', '0', 541, 'Sin Observaciones'),
(214, '-0.25', '-1.75', '165', '+2.50', '-4.50', '170', '0', '0', '0', '0', '0', '0', '0', 542, 'Sin Observaciones'),
(215, '+0.50', '-0.75', '180', '+1.00', '-2.50', '5', '0', '0', '0', '0', '0', '0', '0', 543, 'Sin Observaciones'),
(216, '+0.75', '-0.50', '177', '+0.50', '0', '0', '0', '0', '0', '0', '0', '0', '0', 544, 'Sin Observaciones'),
(217, '+0.75', '-0.50', '177', '+0.50', '0', '0', '0', '0', '0', '0', '0', '0', '0', 545, 'Sin Observaciones'),
(218, '+0.75', '-0.50', '177', '+0.50', '0', '0', '0', '0', '0', '0', '0', '0', '0', 546, 'Sin Observaciones'),
(219, '+0.75', '-0.50', '177', '+0.50', '0', '0', '0', '0', '0', '0', '0', '0', '0', 547, 'Sin Observaciones'),
(220, '+3.50', '0', '0', '+3.50', '0', '0', '0', '0', '0', '0', '0', '0', '0', 548, 'Sin Observaciones'),
(221, '0', '0', '0', '0', '0', '0', '+3.50', '0', '0', '+3.30', '0', '0', '0', 549, 'Sin Observaciones'),
(222, '+0.75', '-0.50', '177', '+0.50', '0', '0', '0', '0', '0', '0', '0', '0', '0', 550, 'Sin Observaciones'),
(223, '0', '0', '0', '0', '0', '0', '+2.00', '0', '0', '+2.00', '0', '0', '0', 552, 'Sin Observaciones'),
(224, '+3.50', '+1.25', '70', '+3.25', '+1.75', '90', '+6.50', '+1.25', '70', '+6.00', '+1.75', '90', '0', 553, 'Sin Observaciones'),
(225, '+2.50', '+1.00', '20', '+2.00', '0', '0', '+5.50', '+1.00', '20', '+5.00', '0', '0', '0', 554, 'Sin Observaciones'),
(226, '+2.50', '+1.00', '20', '+2.00', '0', '0', '+5.50', '+1.00', '20', '+5.00', '0', '0', '0', 555, 'Sin Observaciones'),
(227, '0', '0', '0', '0', '0', '0', '+1.25', '-1.00', '50', '+1.00', '-0.50', '140', '0', 557, 'Sin Observaciones'),
(228, '0', '0', '0', '0', '0', '0', '+2.00', '0', '0', '+2.00', '0', '0', '0', 558, 'Sin Observaciones'),
(229, '0', '0', '0', '0', '0', '0', '+2.25', '0', '0', '+2.25', '-0.50', '74', '0', 559, 'Sin Observaciones'),
(230, '0', '0', '0', '0', '0', '0', '+3.50', '-0.50', '110', '+2.50', '-0.50', '90', '0', 560, 'Sin Observaciones'),
(231, '+0.50', '0', '0', '+0.50', '0', '0', '0', '0', '0', '0', '0', '0', '0', 562, 'Sin Observaciones'),
(232, '-3.00', '-0.75', '80', '-2.50', '-1.50', '80', '0', '0', '0', '0', '0', '0', '0', 563, 'Sin Observaciones'),
(233, '+0.50', '-0.25', '135', '+0.50', '-0.25', '85', '0', '0', '0', '0', '0', '0', '0', 565, 'Sin Observaciones'),
(234, '+0.50', '-1.50', '85', '+0.50', '-0.50', '75', '+3.00', '-1.50', '85', '+3.00', '-0.50', '75', '0', 567, 'Sin Observaciones'),
(235, '+1.75', '-5.00', '180', '+1.75', '-5.00', '180', '0', '0', '0', '0', '0', '0', '0', 569, 'Sin Observaciones'),
(236, '+0.50', '-1.50', '85', '+0.50', '-0.50', '75', '+3.00', '-1.50', '85', '+3.00', '-0.50', '75', '0', 571, 'Sin Observaciones'),
(237, '0', '+0.75', '180', '0', '+0.25', '35', '0', '0', '0', '0', '0', '0', '0', 572, 'Sin Observaciones'),
(238, '+1.00', '-0.50', '180', '+2.00', '-0.50', '50', '0', '0', '0', '0', '0', '0', '0', 574, 'Sin Observaciones'),
(239, '-2.00', '-2.75', '50', '-1.50', '-2.50', '120', '0', '0', '0', '0', '0', '0', '0', 575, 'Sin Observaciones'),
(240, '-1.50', '-0.50', '30', '-2.25', '-0.50', '140', '0', '0', '0', '0', '0', '0', '0', 576, 'Sin Observaciones'),
(241, '+0.75', '0', '0', '+0.75', '0', '0', '+2.50', '0', '0', '+2.50', '0', '0', '0', 577, 'Sin Observaciones'),
(242, '-0.25', '-0.75', '15', '0', '-0.25', '103', '0', '0', '0', '0', '0', '0', '0', 579, 'Sin Observaciones'),
(243, '+1.00', '-1.00', '12', '+2.75', '-2.00', '174', '0', '0', '0', '0', '0', '0', '0', 580, 'Sin Observaciones'),
(244, '+1.00', '-1.00', '12', '+2.75', '-2.00', '174', '0', '0', '0', '0', '0', '0', '0', 581, 'Sin Observaciones'),
(245, '+0.50', '-0.50', '180', '+0.50', '-0.50', '180', '0', '0', '0', '0', '0', '0', '0', 583, 'Sin Observaciones'),
(246, '+2.25', '-1.25', '3', '+1.75', '-0.50', '166', '0', '0', '0', '0', '0', '0', '0', 584, 'Sin Observaciones'),
(247, '-4.50', '-1.25', '5', '-4.00', '-1.00', '165', '0', '0', '0', '0', '0', '0', '0', 585, 'Sin Observaciones'),
(248, '-3.25', '-0.75', '20', '-3.50', '-0.75', '145', '0', '0', '0', '0', '0', '0', '0', 586, 'Sin Observaciones'),
(249, '0', '0', '0', '0', '0', '0', '+1.75', '0', '0', '+1.75', '0', '0', '0', 588, 'Sin Observaciones'),
(250, '-1.50', '-0.75', '100', '-0.75', '0', '0', '0', '0', '0', '0', '0', '0', '0', 589, 'Sin Observaciones'),
(251, '-1.50', '-0.75', '100', '-0.75', '0', '0', '0', '0', '0', '0', '0', '0', '0', 590, 'Sin Observaciones'),
(252, '+0.25', '0', '0', '+1.00', '+0.50', '140', '0', '0', '0', '0', '0', '0', '0', 591, 'Sin Observaciones'),
(253, '-3.25', '-0.75', '20', '-3.50', '-0.75', '145', '0', '0', '0', '0', '0', '0', '0', 592, 'Sin Observaciones'),
(254, '+2.00', '-1.25', '150', '+2.00', '-1.50', '175', '0', '0', '0', '0', '0', '0', '0', 593, 'Sin Observaciones'),
(255, '+2.00', '-1.25', '150', '+2.00', '-1.50', '175', '0', '0', '0', '0', '0', '0', '0', 594, 'Sin Observaciones'),
(256, '+2.00', '-0.75', '180', '+2.75', '-1.00', '180', '0', '0', '0', '0', '0', '0', '0', 595, 'Sin Observaciones'),
(257, '+1.00', '0', '0', '+1.00', '0', '0', '0', '0', '0', '0', '0', '0', '0', 596, 'Sin Observaciones'),
(258, '-4.25', '-3.00', '15', '-5.25', '-1.75', '6', '0', '0', '0', '0', '0', '0', '0', 597, 'Sin Observaciones'),
(259, '-1.25', '0', '0', '-0.75', '0', '0', '0', '0', '0', '0', '0', '0', '0', 598, 'Sin Observaciones'),
(260, '+1.25', '-0.50', '27', '+1.00', '-1.25', '160', '0', '0', '0', '0', '0', '0', '0', 599, 'Sin Observaciones'),
(261, '-5.75', '-2.50', '15', '-3.50', '-3.75', '140', '0', '0', '0', '0', '0', '0', '0', 602, 'Sin Observaciones'),
(262, '+0.75', '-0.50', '125', '+2.50', '0', '0', '0', '0', '0', '0', '0', '0', '0', 603, 'Sin Observaciones'),
(263, '+0.25', '+0.50', '72', '0', '+1.00', '99', '0', '0', '0', '0', '0', '0', '0', 604, 'Sin Observaciones'),
(264, '-4.50', '-0.75', '6', '-3.00', '-1.00', '22', '0', '0', '0', '0', '0', '0', '0', 605, 'Sin Observaciones'),
(265, '-3.25', '-0.50', '145', '-3.00', '-0.25', '180', '0', '0', '0', '0', '0', '0', '0', 606, 'Sin Observaciones'),
(266, '+1.25', '+0.25', '85', '+1.25', '-0.25', '90', '0', '0', '0', '0', '0', '0', '0', 608, 'Sin Observaciones'),
(267, '0', '-1.00', '0', '0', '-1.00', '168', '0', '0', '0', '0', '0', '0', '0', 609, 'Sin Observaciones'),
(268, '0', '-2.00', '5', '0', '-3.00', '2', '0', '0', '0', '0', '0', '0', '0', 611, 'Sin Observaciones'),
(269, '-0.75', '-0.50', '70', '-0.75', '-0.25', '180', '0', '0', '0', '0', '0', '0', '0', 612, 'Sin Observaciones'),
(270, '-2.50', '-2.25', '125', '-3.50', '-1.75', '40', '0', '0', '0', '0', '0', '0', '0', 613, 'Sin Observaciones'),
(271, '+0.50', '0', '0', '+0.50', '0', '0', '0', '0', '0', '0', '0', '0', '0', 614, 'Sin Observaciones'),
(272, '+0.50', '+0.25', '0', '+0.50', '+0.25', '0', '+2.00', '+0.25', '0', '+2.00', '+0.25', '0', '0', 615, 'Sin Observaciones'),
(273, '+0.50', '+0.25', '0', '+0.50', '+0.25', '0', '+2.00', '+0.25', '0', '+2.00', '+0.25', '0', '0', 616, 'Sin Observaciones'),
(274, '-0.25', '-0.75', '100', '0', '-1.75', '77', '+1.00', '-0.75', '100', '+1.25', '-1.75', '77', '0', 617, 'Sin Observaciones'),
(275, '-3.00', '-0.50', '180', '-2.25', '0', '0', '0', '0', '0', '0', '0', '0', '0', 619, 'Sin Observaciones'),
(276, '-0.25', '-0.75', '100', '0', '-1.75', '77', '+1.00', '-0.75', '100', '+1.25', '-1.75', '77', '0', 620, 'Sin Observaciones'),
(277, '0', '0', '0', '0', '0', '0', '+1.25', '0', '0', '+1.25', '0', '0', '0', 621, 'Sin Observaciones'),
(278, '+2.50', '-0.75', '174', '+2.75', '-1.00', '21', '0', '0', '0', '0', '0', '0', '0', 622, 'Sin Observaciones'),
(279, '+1.25', '-2.25', '15', '+1.25', '-3.00', '5', '0', '0', '0', '0', '0', '0', '0', 623, 'Sin Observaciones'),
(280, '+1.25', '-2.25', '15', '+1.25', '-3.00', '5', '0', '0', '0', '0', '0', '0', '0', 623, 'Sin Observaciones'),
(281, '-1.25', '-2.00', '5', '-1.25', '-2.25', '168', '+1.25', '-2.00', '5', '+3.75', '-2.25', '168', '0', 624, 'Sin Observaciones'),
(282, '+0.75', '0', '0', '+0.75', '+0.25', '125', '+3.25', '0', '0', '+3.25', '+0.25', '125', '0', 625, 'Sin Observaciones'),
(283, '-2.00', '-1.75', '6', '-2.75', '-2.25', '175', '0', '0', '0', '0', '0', '0', '0', 627, 'Sin Observaciones'),
(284, '-1.25', '0', '0', '-2.00', '0', '0', '0', '0', '0', '0', '0', '0', '0', 628, 'Sin Observaciones'),
(285, '+0.75', '0', '0', '+1.50', '-0.75', '150', '+2.75', '0', '0', '+3.50', '-0.75', '150', '0', 630, 'Sin Observaciones'),
(286, '+0.50', '+0.50', '125', '+0.50', '+0.25', '84', '0', '0', '0', '0', '0', '0', '0', 631, 'Sin Observaciones'),
(287, '+1.50', '-0.50', '110', '+1.75', '-0.75', '90', '+4.00', '-0.50', '110', '+4.25', '-0.75', '90', '0', 632, 'Sin Observaciones'),
(288, '+0.25', '0', '0', '+0.25', '-0.50', '170', '0', '0', '0', '0', '0', '0', '0', 633, 'Sin Observaciones'),
(289, '+1.00', '+1.75', '85', '+0.50', '+2.00', '80', '0', '0', '0', '0', '0', '0', '0', 635, 'Sin Observaciones'),
(290, '+1.00', '+1.75', '85', '+0.50', '+2.00', '80', '0', '0', '0', '0', '0', '0', '0', 636, 'Sin Observaciones'),
(291, '-0.25', '-0.75', '162', '+0.50', '-3.50', '180', '0', '0', '0', '0', '0', '0', '0', 638, 'Sin Observaciones'),
(292, '-0.25', '-0.75', '162', '+0.50', '-3.50', '180', '0', '0', '0', '0', '0', '0', '0', 639, 'Sin Observaciones'),
(293, '-15.00', '-1.50', '40', '-13.00', '-1.00', '140', '0', '0', '0', '0', '0', '0', '0', 640, 'Sin Observaciones'),
(294, '0', '0', '0', '0', '0', '0', '+4.25', '0', '0', '+4.25', '0', '0', '0', 640, 'Sin Observaciones'),
(295, '-2.25', '-0.75', '180', '-3.25', '-0.25', '150', '0', '0', '0', '0', '0', '0', '0', 641, 'Sin Observaciones'),
(296, '+0.50', '0', '0', '+0.50', '0', '0', '0', '0', '0', '0', '0', '0', '0', 642, 'Sin Observaciones'),
(297, '0', '-1.00', '180', '0', '-1.00', '170', '0', '0', '0', '0', '0', '0', '0', 643, 'Sin Observaciones'),
(298, '-2.00', '-0.50', '180', '-1.75', '-0.50', '180', '0', '0', '0', '0', '0', '0', '0', 644, 'Sin Observaciones'),
(299, '0', '0', '0', '0', '0', '0', '+2.00', '0', '0', '+2.00', '0', '0', '0', 645, 'Sin Observaciones'),
(300, '+0.25', '+2.25', '90', '+0.25', '+1.75', '100', '0', '0', '0', '0', '0', '0', '0', 646, 'Sin Observaciones'),
(301, '0', '0', '0', '0', '0', '0', '+1.25', '0', '0', '+1.25', '0', '0', '0', 647, 'Sin Observaciones'),
(302, '0', '-0.75', '144', '0', '-0.50', '4', '0', '0', '0', '0', '0', '0', '0', 648, 'Sin Observaciones'),
(303, '-0.50', '-1.50', '30', '-0.25', '-2.25', '170', '+1.75', '-1.50', '30', '+2.00', '-2.25', '170', '0', 649, 'Sin Observaciones'),
(304, '0', '0', '0', '0', '0', '0', '+4.25', '0', '0', '+4.25', '0', '0', '0', 650, 'Sin Observaciones'),
(305, '0', '-0.50', '129', '0', '-0.50', '55', '0', '0', '0', '0', '0', '0', '0', 651, 'Sin Observaciones'),
(306, '-1.50', '0', '0', '-1.75', '0', '0', '0', '0', '0', '0', '0', '0', '0', 652, 'Sin Observaciones'),
(307, '0', '+2.75', '90', '0', '+1.25', '90', '0', '0', '0', '0', '0', '0', '0', 653, 'Sin Observaciones'),
(308, '0', '-2.75', '165', '0', '-3.00', '15', '0', '0', '0', '0', '0', '0', '0', 654, 'Sin Observaciones'),
(309, '0', '0', '0', '+0.75', '+0.25', '90', '0', '0', '0', '0', '0', '0', '0', 655, 'Sin Observaciones'),
(310, '0', '0', '0', '0', '0', '0', '+1.00', '0', '0', '+1.00', '0', '0', '0', 657, 'Sin Observaciones'),
(311, '+0.50', '-1.25', '13', '+0.25', '-1.00', '170', '0', '0', '0', '0', '0', '0', '0', 658, 'Sin Observaciones'),
(312, '0', '-1.25', '145', '-1.00', '-2.00', '35', '0', '0', '0', '0', '0', '0', '0', 659, 'Sin Observaciones'),
(313, '+0.25', '-0.75', '172', '+0.25', '-0.50', '168', '0', '0', '0', '0', '0', '0', '0', 661, 'Sin Observaciones'),
(314, '-0.75', '-0.50', '140', '-0.75', '-0.25', '10', '0', '0', '0', '0', '0', '0', '0', 662, 'Sin Observaciones'),
(315, '+1.50', '0', '0', '+2.00', '0', '0', '+3.75', '0', '0', '+4.25', '0', '0', '0', 663, 'Sin Observaciones'),
(316, '+1.00', '-0.25', '90', '+1.25', '-0.25', '80', '0', '0', '0', '0', '0', '0', '+2.50', 667, 'Sin Observaciones'),
(317, '-0.75', '-0.75', '20', '0', '-2.50', '165', '0', '0', '0', '0', '0', '0', '0', 668, 'Sin Observaciones'),
(318, '+2.50', '+2.25', '3', '+2.25', '+0.75', '10', '+4.75', '+2.25', '3', '+4.50', '+0.75', '10', '0', 669, 'Sin Observaciones'),
(319, '0', '-0.75', '6', '0', '-0.50', '171', '0', '0', '0', '0', '0', '0', '0', 670, 'Sin Observaciones'),
(320, '-1.00', '0', '0', '-0.50', '0', '0', '0', '0', '0', '0', '0', '0', '0', 671, 'Sin Observaciones'),
(321, '+3.00', '+1.50', '59', '+3.00', '+1.50', '102', '0', '0', '0', '0', '0', '0', '0', 672, 'Sin Observaciones'),
(322, '+0.75', '-0.50', '60', '+0.75', '-0.50', '120', '+2.75', '-0.50', '60', '+2.50', '-0.50', '120', '0', 673, 'Sin Observaciones'),
(323, '+2.25', '0', '0', '+2.25', '0', '0', '+4.75', '0', '0', '+4.75', '0', '0', '0', 674, 'Sin Observaciones'),
(324, '-0.50', '0', '0', '-0.50', '0', '0', '0', '0', '0', '0', '0', '0', '0', 675, 'Sin Observaciones'),
(325, '+0.75', '0', '0', '+0.75', '0', '0', '0', '0', '0', '0', '0', '0', '0', 676, 'Sin Observaciones'),
(326, '-5.25', '-3.50', '10', '-5.50', '-2.75', '170', '0', '0', '0', '0', '0', '0', '0', 678, 'Sin Observaciones'),
(327, '-0.75', '-0.50', '5', '-0.75', '-0.75', '170', '0', '0', '0', '0', '0', '0', '0', 679, 'Sin Observaciones'),
(328, '-0.75', '-0.50', '5', '-0.75', '-0.75', '170', '0', '0', '0', '0', '0', '0', '0', 680, 'Sin Observaciones'),
(329, '+1.75', '0', '0', '+1.75', '-0.50', '90', '+4.50', '0', '0', '+4.50', '-0.50', '90', '0', 681, 'Sin Observaciones'),
(330, '+0.50', '-0.75', '5', '+0.50', '-1.00', '5', '+2.75', '-0.75', '5', '+2.75', '-1.00', '5', '0', 682, 'Sin Observaciones'),
(331, '0', '+0.25', '75', '0', '+0.25', '90', '0', '0', '0', '0', '0', '0', '0', 683, 'Sin Observaciones'),
(332, '+0.50', '-0.75', '5', '+0.50', '-1.00', '5', '+2.75', '-0.75', '5', '+2.75', '-1.00', '5', '+2.25', 685, 'Sin Observaciones'),
(333, '+0.50', '0', '0', '+1.00', '0', '0', '+3.50', '0', '0', '+4.00', '0', '0', '0', 687, 'Sin Observaciones'),
(334, '+1.50', '0', '0', '+1.50', '0', '0', '0', '0', '0', '0', '0', '0', '0', 688, 'Sin Observaciones'),
(335, '0', '-1.00', '10', '0', '-0.50', '180', '0', '0', '0', '0', '0', '0', '0', 690, 'Sin Observaciones'),
(336, '0', '-1.00', '10', '0', '-0.50', '180', '0', '0', '0', '0', '0', '0', '0', 691, 'Sin Observaciones'),
(337, '+1.00', '-1.00', '167', '+1.25', '-0.50', '30', '0', '0', '0', '0', '0', '0', '0', 692, 'Sin Observaciones'),
(338, '0', '-0.75', '20', '0', '-0.50', '150', '0', '0', '0', '0', '0', '0', '0', 693, 'Sin Observaciones'),
(339, '-0.25', '0', '0', '-0.50', '0', '0', '0', '0', '0', '0', '0', '0', '0', 694, 'Sin Observaciones'),
(340, '+0.75', '+0.50', '170', '+0.75', '+1.00', '5', '+3.00', '+0.50', '170', '+3.00', '+1.00', '5', '0', 699, 'Sin Observaciones'),
(341, '-1.50', '0', '0', '+2.00', '0', '0', '0', '0', '0', '0', '0', '0', '0', 700, 'Sin Observaciones'),
(342, '-0.75', '-0.25', '150', '-1.00', '-0.25', '10', '0', '0', '0', '0', '0', '0', '0', 701, 'Sin Observaciones');

-- --------------------------------------------------------

--
-- Estructura de tabla para la tabla `graduaciones_temp`
--

CREATE TABLE `graduaciones_temp` (
  `id` int(10) NOT NULL,
  `od_l_1` text NOT NULL,
  `od_l_2` text NOT NULL,
  `od_l_3` text NOT NULL,
  `oi_l_1` text NOT NULL,
  `oi_l_2` text NOT NULL,
  `oi_l_3` text NOT NULL,
  `od_c_1` text NOT NULL,
  `od_c_2` text NOT NULL,
  `od_c_3` text NOT NULL,
  `oi_c_1` text NOT NULL,
  `oi_c_2` text NOT NULL,
  `oi_c_3` text NOT NULL,
  `addg` text NOT NULL,
  `id_usuario` int(32) NOT NULL,
  `obs` text NOT NULL
) ENGINE=InnoDB DEFAULT CHARSET=utf8mb4 COLLATE=utf8mb4_general_ci;

-- --------------------------------------------------------

--
-- Estructura de tabla para la tabla `historia_clinica`
--

CREATE TABLE `historia_clinica` (
  `dni_cliente` int(11) NOT NULL,
  `od_l_1` text NOT NULL,
  `od_l_2` text NOT NULL,
  `od_l_3` text NOT NULL,
  `oi_l_1` text NOT NULL,
  `oi_l_2` text NOT NULL,
  `oi_l_3` text NOT NULL,
  `od_c_1` text NOT NULL,
  `od_c_2` text NOT NULL,
  `od_c_3` text NOT NULL,
  `oi_c_1` text NOT NULL,
  `oi_c_2` text NOT NULL,
  `oi_c_3` text NOT NULL,
  `addg` text NOT NULL,
  `armazon` text NOT NULL,
  `precio` int(11) NOT NULL,
  `observaciones` text NOT NULL,
  `fecha` timestamp NOT NULL DEFAULT current_timestamp() ON UPDATE current_timestamp()
) ENGINE=InnoDB DEFAULT CHARSET=latin1 COLLATE=latin1_swedish_ci;

--
-- Volcado de datos para la tabla `historia_clinica`
--

INSERT INTO `historia_clinica` (`dni_cliente`, `od_l_1`, `od_l_2`, `od_l_3`, `oi_l_1`, `oi_l_2`, `oi_l_3`, `od_c_1`, `od_c_2`, `od_c_3`, `oi_c_1`, `oi_c_2`, `oi_c_3`, `addg`, `armazon`, `precio`, `observaciones`, `fecha`) VALUES
(34770653, '11', '22', '33', '11', '22', '33', '11', '22', '33', '11', '22', '33', '123', '', 0, 'qweqweqweqweqwe', '2024-08-25 04:22:05'),
(34770653, '212', '123', '123', '123', '321', '423', '324', '234', '234', '324', '243', '234', '234', '', 0, 'sdffgg54 34535\r\nwerwerwe\r\n321 321321', '2024-08-25 04:32:09'),
(0, '', '', '', '', '', '', '', '', '', '', '', '', '', '', 0, '', '0000-00-00 00:00:00'),
(0, '', '', '', '', '', '', '', '', '', '', '', '', '', '', 0, '', '0000-00-00 00:00:00'),
(0, '', '', '', '', '', '', '', '', '', '', '', '', '21', '32', 32, '32', '0000-00-00 00:00:00'),
(0, '', '', '', '', '', '', '', '', '', '', '', '', '', '', 0, '', '0000-00-00 00:00:00'),
(0, '', '', '', '', '', '', '', '', '', '', '', '', '', '', 0, '', '0000-00-00 00:00:00'),
(0, '', '', '', '', '', '', '', '', '', '', '', '', '21', '32', 32, '32', '0000-00-00 00:00:00'),
(0, '', '', '', '', '', '', '', '', '', '', '', '', '', '', 0, '', '0000-00-00 00:00:00'),
(0, '', '', '', '', '', '', '', '', '', '', '', '', '', '', 0, '', '0000-00-00 00:00:00'),
(0, '', '', '', '', '', '', '', '', '', '', '', '', '21', '21', 21, '21', '2024-10-17 03:00:00'),
(0, '', '', '', '', '', '', '', '', '', '', '', '', '', '', 0, '', '0000-00-00 00:00:00'),
(0, '', '', '', '', '', '', '', '', '', '', '', '', '', '', 0, '', '0000-00-00 00:00:00'),
(0, '', '', '', '', '', '', '', '', '', '', '', '', '', '', 0, '', '0000-00-00 00:00:00');

-- --------------------------------------------------------

--
-- Estructura de tabla para la tabla `ingresos`
--

CREATE TABLE `ingresos` (
  `id` int(10) NOT NULL,
  `ingresos` decimal(10,2) NOT NULL,
  `fecha` date NOT NULL,
  `id_venta` text NOT NULL,
  `id_cliente` int(11) NOT NULL,
  `id_metodo` int(11) NOT NULL
) ENGINE=InnoDB DEFAULT CHARSET=utf8mb4 COLLATE=utf8mb4_general_ci;

--
-- Volcado de datos para la tabla `ingresos`
--

INSERT INTO `ingresos` (`id`, `ingresos`, `fecha`, `id_venta`, `id_cliente`, `id_metodo`) VALUES
(1, 1500.00, '2024-10-16', '791', 1, 1);

-- --------------------------------------------------------

--
-- Estructura de tabla para la tabla `metodos`
--

CREATE TABLE `metodos` (
  `id` int(11) NOT NULL,
  `descripcion` text NOT NULL
) ENGINE=InnoDB DEFAULT CHARSET=utf8mb4 COLLATE=utf8mb4_general_ci;

--
-- Volcado de datos para la tabla `metodos`
--

INSERT INTO `metodos` (`id`, `descripcion`) VALUES
(1, 'Efectivo'),
(2, 'Tarjeta de Crédito'),
(3, 'Tarjeta de Débito'),
(4, 'Transferencia');

-- --------------------------------------------------------

--
-- Estructura de tabla para la tabla `permisos`
--

CREATE TABLE `permisos` (
  `id` int(11) NOT NULL,
  `nombre` varchar(30) NOT NULL
) ENGINE=InnoDB DEFAULT CHARSET=utf8mb4 COLLATE=utf8mb4_general_ci;

--
-- Volcado de datos para la tabla `permisos`
--

INSERT INTO `permisos` (`id`, `nombre`) VALUES
(1, 'configuracion'),
(2, 'usuarios'),
(3, 'clientes'),
(4, 'productos'),
(5, 'ventas'),
(6, 'nueva_venta'),
(7, 'idcristal'),
(8, 'estadisticas'),
(9, 'calendario'),
(10, 'reporte');

-- --------------------------------------------------------

--
-- Estructura de tabla para la tabla `postpagos`
--

CREATE TABLE `postpagos` (
  `id` int(10) NOT NULL,
  `id_venta` int(10) NOT NULL,
  `id_cliente` int(11) NOT NULL,
  `abona` decimal(10,2) NOT NULL,
  `resto` decimal(10,2) NOT NULL,
  `precio` decimal(10,2) NOT NULL,
  `precio_original` decimal(10,2) NOT NULL
) ENGINE=InnoDB DEFAULT CHARSET=utf8mb4 COLLATE=utf8mb4_general_ci;

--
-- Volcado de datos para la tabla `postpagos`
--

INSERT INTO `postpagos` (`id`, `id_venta`, `id_cliente`, `abona`, `resto`, `precio`, `precio_original`) VALUES
(108, 476, 7, 10000.00, 6800.00, 16800.00, 16800.00),
(109, 477, 8, 15000.00, 34700.00, 11900.00, 11900.00),
(110, 477, 8, 15000.00, 34700.00, 8900.00, 8900.00),
(111, 477, 8, 15000.00, 34700.00, 28900.00, 28900.00),
(115, 480, 10, 6000.00, 9700.00, 3800.00, 3800.00),
(116, 480, 10, 6000.00, 9700.00, 11900.00, 11900.00),
(117, 481, 9, 3000.00, 28500.00, 8900.00, 8900.00),
(118, 481, 9, 3000.00, 28500.00, 22600.00, 22600.00),
(121, 483, 12, 1500.00, 21300.00, 7900.00, 7900.00),
(122, 483, 12, 1500.00, 21300.00, 14900.00, 14900.00),
(123, 484, 11, 18700.00, 0.00, 3800.00, 3800.00),
(124, 484, 11, 18700.00, 0.00, 14900.00, 14900.00),
(125, 485, 13, 10000.00, 13800.00, 8900.00, 8900.00),
(126, 485, 13, 10000.00, 13800.00, 14900.00, 14900.00),
(129, 487, 14, 2000.00, 18600.00, 3800.00, 3800.00),
(130, 487, 14, 2000.00, 18600.00, 16800.00, 16800.00),
(131, 488, 15, 7000.00, 19800.00, 14900.00, 14900.00),
(132, 488, 15, 7000.00, 19800.00, 11900.00, 11900.00),
(133, 489, 16, 1000.00, 24700.00, 8900.00, 8900.00),
(134, 489, 16, 1000.00, 24700.00, 16800.00, 16800.00),
(137, 491, 17, 2000.00, 29800.00, 11900.00, 11900.00),
(138, 491, 17, 2000.00, 29800.00, 19900.00, 19900.00),
(139, 492, 18, 1500.00, 21300.00, 7900.00, 7900.00),
(140, 492, 18, 1500.00, 21300.00, 14900.00, 14900.00),
(141, 493, 10, 4000.00, 5600.00, 5800.00, 5800.00),
(142, 493, 10, 4000.00, 5600.00, 3800.00, 3800.00),
(148, 497, 19, 9600.00, 8100.00, 11900.00, 11900.00),
(149, 497, 19, 9600.00, 8100.00, 5800.00, 5800.00),
(150, 498, 20, 9600.00, 0.00, 3800.00, 3800.00),
(151, 498, 20, 9600.00, 0.00, 5800.00, 5800.00),
(152, 499, 21, 5000.00, 22400.00, 8900.00, 8900.00),
(153, 499, 21, 5000.00, 22400.00, 18500.00, 18500.00),
(156, 501, 22, 144600.00, -3000.00, 22600.00, 22600.00),
(157, 501, 22, 144600.00, -3000.00, 125000.00, 125000.00),
(158, 502, 23, 1.00, 34499.00, 11900.00, 11900.00),
(159, 502, 23, 1.00, 34499.00, 22600.00, 22600.00),
(160, 503, 24, 4800.00, 4800.00, 5800.00, 5800.00),
(161, 503, 24, 4800.00, 4800.00, 3800.00, 3800.00),
(162, 504, 25, 5000.00, 17700.00, 7900.00, 7900.00),
(163, 504, 25, 5000.00, 17700.00, 14800.00, 14800.00),
(164, 505, 27, 4100.00, 5500.00, 3800.00, 3800.00),
(165, 505, 27, 4100.00, 5500.00, 5800.00, 5800.00),
(166, 506, 28, 5000.00, 23800.00, 8900.00, 8900.00),
(167, 506, 28, 5000.00, 23800.00, 19900.00, 19900.00),
(170, 508, 29, 4800.00, 22000.00, 14900.00, 14900.00),
(171, 508, 29, 4800.00, 22000.00, 11900.00, 11900.00),
(172, 509, 30, 1500.00, 24200.00, 8900.00, 8900.00),
(173, 509, 30, 1500.00, 24200.00, 16800.00, 16800.00),
(174, 510, 31, 1500.00, 22300.00, 8900.00, 8900.00),
(175, 510, 31, 1500.00, 22300.00, 14900.00, 14900.00),
(176, 511, 32, 5000.00, 26500.00, 8900.00, 8900.00),
(177, 511, 32, 5000.00, 26500.00, 22600.00, 22600.00),
(178, 512, 33, 7000.00, 27500.00, 22600.00, 22600.00),
(179, 512, 33, 7000.00, 27500.00, 11900.00, 11900.00),
(180, 513, 34, 70600.00, 0.00, 41000.00, 41000.00),
(181, 513, 34, 70600.00, 0.00, 29600.00, 29600.00),
(184, 515, 36, 5000.00, 25500.00, 7900.00, 7900.00),
(185, 515, 36, 5000.00, 25500.00, 22600.00, 22600.00),
(188, 517, 37, 1.00, 37879.00, 29980.00, 29980.00),
(189, 517, 37, 1.00, 37879.00, 7900.00, 7900.00),
(190, 518, 38, 22000.00, 9500.00, 22600.00, 22600.00),
(191, 518, 38, 22000.00, 9500.00, 8900.00, 8900.00),
(192, 519, 39, 1.00, 8899.00, 8900.00, 8900.00),
(193, 520, 41, 14900.00, 0.00, 14900.00, 14900.00),
(194, 521, 42, 10200.00, 25500.00, 11900.00, 11900.00),
(195, 521, 42, 10200.00, 25500.00, 11900.00, 11900.00),
(198, 523, 43, 10000.00, 14700.00, 7900.00, 7900.00),
(199, 523, 43, 10000.00, 14700.00, 16800.00, 16800.00),
(200, 524, 44, 4000.00, 57717.20, 16117.20, 16117.20),
(201, 524, 44, 4000.00, 57717.20, 58800.00, 58800.00),
(203, 526, 45, 2000.00, 31760.00, 8900.00, 8900.00),
(204, 526, 45, 2000.00, 31760.00, 24860.00, 24860.00),
(205, 527, 46, 5800.00, 0.00, 5800.00, 5800.00),
(208, 529, 47, 28250.00, 0.00, 7900.00, 7900.00),
(209, 529, 47, 28250.00, 0.00, 20350.00, 20350.00),
(210, 530, 40, 11000.00, 0.00, 11000.00, 11000.00),
(214, 534, 40, 25641.00, 0.00, 25641.00, 28490.00),
(217, 536, 48, 35638.58, 0.00, 9520.00, 11900.00),
(218, 536, 48, 35638.58, 0.00, 26118.58, 32648.22),
(219, 537, 49, 3800.00, 0.00, 3800.00, 3800.00),
(220, 538, 40, 18876.00, 0.00, 18876.00, 23595.00),
(221, 539, 50, 2000.00, 36182.00, 8900.00, 8900.00),
(222, 539, 50, 2000.00, 36182.00, 29282.00, 29282.00),
(223, 540, 40, 25071.00, 0.20, 25071.20, 31339.00),
(224, 541, 51, 35638.58, 0.00, 9520.00, 11900.00),
(225, 541, 51, 35638.58, 0.00, 26118.58, 32648.22),
(226, 542, 53, 45378.72, 0.00, 26658.72, 33323.40),
(227, 542, 53, 45378.72, 0.00, 18720.00, 23400.00),
(228, 543, 52, 26681.00, 0.00, 14900.00, 14900.00),
(229, 543, 52, 26681.00, 0.00, 11781.00, 11781.00),
(240, 549, 55, 9700.00, 0.00, 5800.00, 5800.00),
(241, 549, 55, 9700.00, 0.00, 3900.00, 3900.00),
(242, 550, 54, 9700.00, 16184.00, 3510.00, 3900.00),
(243, 550, 54, 9700.00, 16184.00, 22374.00, 24860.00),
(246, 552, 56, 9700.00, 0.00, 3900.00, 3900.00),
(247, 552, 56, 9700.00, 0.00, 5800.00, 5800.00),
(248, 553, 57, 27382.00, 0.00, 9801.00, 9801.00),
(249, 553, 57, 27382.00, 0.00, 5800.00, 5800.00),
(250, 553, 57, 27382.00, 0.00, 11781.00, 11781.00),
(252, 555, 58, 58800.00, 0.00, 58800.00, 58800.00),
(253, 556, 40, 23595.00, 0.00, 23595.00, 23595.00),
(254, 557, 49, -3.00, 9703.00, 5800.00, 5800.00),
(255, 557, 49, -3.00, 9703.00, 3900.00, 3900.00),
(256, 558, 59, 3900.00, 0.00, 3900.00, 3900.00),
(257, 559, 61, 27160.00, 0.00, 24860.00, 24860.00),
(258, 559, 61, 27160.00, 0.00, 8900.00, 8900.00),
(259, 560, 60, 1000.00, -100.00, 1000.00, 1000.00),
(260, 560, 60, 1000.00, -100.00, 3900.00, 3900.00),
(261, 561, 40, 19250.00, 0.00, 19250.00, 19250.00),
(262, 562, 62, 18304.00, 0.00, 10472.00, 13090.00),
(263, 562, 62, 18304.00, 0.00, 7832.00, 9790.00),
(264, 563, 63, 8536.00, 0.00, 5104.00, 6380.00),
(265, 563, 63, 8536.00, 0.00, 3432.00, 4290.00),
(266, 564, 40, 17512.00, 0.00, 17512.00, 21890.00),
(267, 565, 64, 19845.76, 0.00, 6952.00, 8690.00),
(268, 565, 64, 19845.76, 0.00, 12893.76, 16117.20),
(269, 566, 40, 17696.25, 0.00, 17696.25, 23595.00),
(272, 568, 40, 6380.00, 0.00, 6380.00, 6380.00),
(273, 569, 68, 12000.00, 37759.60, 25740.00, 25740.00),
(274, 569, 68, 12000.00, 37759.60, 24019.60, 24019.60),
(277, 571, 67, 5000.00, 27060.16, 19166.40, 23958.00),
(278, 571, 67, 5000.00, 27060.16, 12893.76, 16117.20),
(279, 572, 70, 27126.00, 0.00, 8811.00, 9790.00),
(280, 572, 70, 27126.00, 0.00, 18315.00, 20350.00),
(281, 573, 1, 32560.00, 0.00, 32560.00, 32560.00),
(282, 574, 71, 20680.00, 0.00, 14300.00, 14300.00),
(283, 574, 71, 20680.00, 0.00, 6380.00, 6380.00),
(284, 575, 66, 55000.00, 0.00, 55000.00, 55000.00),
(285, 576, 65, 6000.00, 8652.00, 10791.00, 11990.00),
(286, 576, 65, 6000.00, 8652.00, 3861.00, 4290.00),
(287, 577, 72, 50000.00, 99714.40, 10472.00, 13090.00),
(288, 577, 72, 50000.00, 99714.40, 19888.00, 24860.00),
(289, 577, 72, 50000.00, 99714.40, 119354.40, 149193.00),
(290, 578, 73, 6380.00, 0.00, 6380.00, 6380.00),
(291, 579, 74, 28380.00, 0.00, 18590.00, 18590.00),
(292, 579, 74, 28380.00, 0.00, 9790.00, 9790.00),
(293, 580, 40, 14900.00, 0.00, 14900.00, 14900.00),
(294, 581, 75, 4000.00, 15752.00, 11920.00, 14900.00),
(295, 581, 75, 4000.00, 15752.00, 7832.00, 9790.00),
(297, 583, 76, 5000.00, 4790.00, 9790.00, 9790.00),
(298, 584, 77, 1.00, 6379.00, 6380.00, 6380.00),
(299, 585, 78, 9000.00, 15965.44, 9163.94, 10781.10),
(300, 585, 78, 9000.00, 15965.44, 15801.50, 18590.00),
(305, 588, 80, 5900.00, 4770.00, 6380.00, 6380.00),
(306, 588, 80, 5900.00, 4770.00, 4290.00, 4290.00),
(308, 590, 81, 4000.00, 20569.60, 6952.00, 8690.00),
(309, 590, 81, 4000.00, 20569.60, 17617.60, 22022.00),
(310, 591, 82, 21780.00, 0.00, 15262.50, 20350.00),
(311, 591, 82, 21780.00, 0.00, 6517.50, 8690.00),
(312, 592, 79, 4000.00, 23720.00, 19888.00, 24860.00),
(313, 592, 79, 4000.00, 23720.00, 7832.00, 9790.00),
(316, 594, 83, 1000.00, 22590.00, 8690.00, 8690.00),
(317, 594, 83, 1000.00, 22590.00, 14900.00, 14900.00),
(318, 595, 84, 42438.22, 0.00, 9790.00, 9790.00),
(319, 595, 84, 42438.22, 0.00, 32648.22, 32648.22),
(320, 596, 85, 3900.00, 6770.00, 4290.00, 4290.00),
(321, 596, 85, 3900.00, 6770.00, 6380.00, 6380.00),
(322, 597, 86, 7900.00, 9261.10, 6380.00, 6380.00),
(323, 597, 86, 7900.00, 9261.10, 10781.10, 10781.10),
(324, 598, 87, 26180.00, 0.00, 4290.00, 4290.00),
(325, 598, 87, 26180.00, 0.00, 21890.00, 21890.00),
(326, 599, 88, 10670.00, 0.00, 4290.00, 4290.00),
(327, 599, 88, 10670.00, 0.00, 6380.00, 6380.00),
(328, 600, 40, 60.00, 27000.00, 27060.00, 36080.00),
(331, 602, 89, 1.00, 28940.10, 18160.00, 24860.00),
(332, 602, 89, 1.00, 28940.10, 4081.10, 10781.10),
(333, 603, 90, 19752.00, 0.00, 7832.00, 9790.00),
(334, 603, 90, 19752.00, 0.00, 11920.00, 14900.00),
(335, 604, 91, 4000.00, 21080.00, 5192.00, 9790.00),
(336, 604, 91, 4000.00, 21080.00, 17248.00, 24860.00),
(337, 605, 92, 10000.00, 13680.24, 11015.24, 12959.10),
(338, 605, 92, 10000.00, 13680.24, 12665.00, 14900.00),
(339, 606, 93, 4290.00, 0.00, 4290.00, 4290.00),
(340, 607, 66, 43000.00, 0.00, 43000.00, 43000.00),
(341, 608, 94, 9000.00, 18720.00, 7832.00, 9790.00),
(342, 608, 94, 9000.00, 18720.00, 19888.00, 24860.00),
(343, 609, 95, 1.00, 9789.00, 9790.00, 9790.00),
(344, 610, 40, 36080.00, 0.00, 36080.00, 36080.00),
(345, 611, 96, 10781.00, 0.10, 10781.10, 10781.10),
(346, 612, 97, 4000.00, 29550.00, 8690.00, 8690.00),
(347, 612, 97, 4000.00, 29550.00, 24860.00, 24860.00),
(348, 613, 98, 11924.00, 11925.10, 9659.10, 12959.10),
(349, 613, 98, 11924.00, 11925.10, 10890.00, 14190.00),
(350, 614, 99, 5000.00, 38280.00, 32900.00, 32900.00),
(351, 614, 99, 5000.00, 38280.00, 10380.00, 10380.00),
(354, 616, 100, 38000.00, 99914.40, 115354.40, 149193.00),
(355, 616, 100, 38000.00, 99914.40, 18560.00, 28200.00),
(359, 618, 102, 20.00, 48200.00, 37840.00, 37840.00),
(360, 618, 102, 20.00, 48200.00, 10380.00, 10380.00),
(361, 619, 103, 1.00, 38279.00, 5380.00, 10380.00),
(362, 619, 103, 1.00, 38279.00, 27900.00, 32900.00),
(363, 620, 101, 60000.00, 126540.00, 27920.00, 34900.00),
(364, 620, 101, 60000.00, 126540.00, 14872.00, 18590.00),
(365, 620, 101, 60000.00, 126540.00, 143748.00, 179685.00),
(366, 621, 104, 2000.00, 8940.00, -1050.00, 4290.00),
(367, 621, 104, 2000.00, 8940.00, 6650.00, 11990.00),
(368, 622, 105, 19023.00, 0.00, 5091.50, 9290.00),
(369, 622, 105, 19023.00, 0.00, 11126.50, 16390.00),
(370, 623, 107, 5000.00, 27326.00, 13736.00, 13736.00),
(371, 623, 107, 5000.00, 27326.00, 18590.00, 18590.00),
(372, 624, 108, 34890.00, 0.00, 18590.00, 18590.00),
(373, 624, 108, 34890.00, 0.00, 16300.00, 16300.00),
(374, 625, 109, 207383.00, 0.00, 37840.00, 37840.00),
(375, 625, 109, 207383.00, 0.00, 149193.00, 149193.00),
(376, 625, 109, 207383.00, 0.00, 20350.00, 20350.00),
(379, 627, 110, 10.00, 7130.00, -4290.00, 6380.00),
(380, 627, 110, 10.00, 7130.00, 760.00, 11430.00),
(381, 628, 111, 1.00, 10379.00, 10380.00, 10380.00),
(382, 629, 40, 24400.00, 0.00, 24400.00, 24400.00),
(383, 630, 112, 670.00, 0.00, -5710.00, 4290.00),
(384, 630, 112, 670.00, 0.00, -3620.00, 6380.00),
(385, 631, 113, 33780.00, 0.00, 15300.00, 15300.00),
(386, 631, 113, 33780.00, 0.00, 18480.00, 18480.00),
(387, 632, 114, 3.00, 158980.00, 9790.00, 9790.00),
(388, 632, 114, 3.00, 158980.00, 149193.00, 149193.00),
(389, 633, 115, 23480.00, 0.00, 14190.00, 14190.00),
(390, 633, 115, 23480.00, 0.00, 9290.00, 9290.00),
(391, 634, 40, 11000.00, 0.00, 11000.00, 11000.00),
(394, 636, 116, 22152.00, 0.00, 18720.00, 30200.00),
(395, 636, 116, 22152.00, 0.00, -2008.00, 4290.00),
(396, 637, 117, 28970.00, 0.00, 10380.00, 10380.00),
(397, 637, 117, 28970.00, 0.00, 18590.00, 18590.00),
(399, 639, 119, 13736.00, 0.00, 13736.00, 13736.00),
(402, 641, 121, 13140.00, 0.00, 3850.00, 16390.00),
(403, 641, 121, 13140.00, 0.00, -3250.00, 9290.00),
(404, 642, 122, 28970.00, 0.00, 7080.00, 10380.00),
(405, 642, 122, 28970.00, 0.00, 18590.00, 21890.00),
(406, 643, 123, 37104.00, 0.00, 28800.00, 36000.00),
(407, 643, 123, 37104.00, 0.00, 8304.00, 10380.00),
(408, 644, 124, 28635.00, 0.00, 20850.00, 27800.00),
(409, 644, 124, 28635.00, 0.00, 7785.00, 10380.00),
(410, 645, 125, 36224.00, 0.00, 8304.00, 10380.00),
(411, 645, 125, 36224.00, 0.00, 27920.00, 34900.00),
(412, 646, 126, 38596.00, 0.00, 24860.00, 24860.00),
(413, 646, 126, 38596.00, 0.00, 13736.00, 13736.00),
(414, 647, 127, 1010.00, 0.00, 1010.00, 4290.00),
(415, 648, 128, 1.00, 36279.00, 10380.00, 10380.00),
(416, 648, 128, 1.00, 36279.00, 25900.00, 25900.00),
(417, 649, 129, 45066.00, 0.00, 19900.00, 19900.00),
(418, 649, 129, 45066.00, 0.00, 11430.00, 11430.00),
(419, 649, 129, 45066.00, 0.00, 13736.00, 13736.00),
(420, 650, 120, 8000.00, 6190.00, 9900.00, 9900.00),
(421, 650, 120, 8000.00, 6190.00, 4290.00, 4290.00),
(422, 651, 130, 25371.00, 0.00, 17010.00, 18900.00),
(423, 651, 130, 25371.00, 0.00, 8361.00, 9290.00),
(424, 652, 131, 44930.00, 0.00, 6340.00, 10380.00),
(425, 652, 131, 44930.00, 0.00, 34550.00, 38590.00),
(426, 653, 132, 46548.22, 0.00, 32648.22, 32648.22),
(427, 653, 132, 46548.22, 0.00, 13900.00, 13900.00),
(428, 654, 134, 1.00, 13899.00, 13900.00, 13900.00),
(429, 655, 135, 36380.00, 0.00, 10380.00, 10380.00),
(430, 655, 135, 36380.00, 0.00, 26000.00, 26000.00),
(431, 656, 40, 22780.00, 0.00, 22780.00, 26800.00),
(432, 657, 136, 35380.00, 0.00, 25000.00, 25000.00),
(433, 657, 136, 35380.00, 0.00, 10380.00, 10380.00),
(434, 658, 137, 25000.00, 21320.00, 36000.00, 45000.00),
(435, 658, 137, 25000.00, 21320.00, 10320.00, 12900.00),
(436, 659, 138, 5330.00, 0.00, 1040.00, 6380.00),
(437, 659, 138, 5330.00, 0.00, -1050.00, 4290.00),
(438, 660, 40, 13900.00, 4000.00, 17900.00, 17900.00),
(439, 661, 139, 25280.00, 0.00, 14900.00, 14900.00),
(440, 661, 139, 25280.00, 0.00, 10380.00, 10380.00),
(441, 662, 140, 36380.00, 0.00, 10380.00, 10380.00),
(442, 662, 140, 36380.00, 0.00, 26000.00, 26000.00),
(443, 663, 133, 23960.00, 0.00, 23960.00, 23960.00),
(444, 664, 40, 18480.00, 0.00, 18480.00, 18480.00),
(445, 665, 1, 24400.00, 0.00, 24400.00, 24400.00),
(446, 666, 40, 6380.00, 0.00, 6380.00, 6380.00),
(447, 667, 142, 50000.00, 15220.50, 42330.00, 49800.00),
(448, 667, 142, 50000.00, 15220.50, 22890.50, 26930.00),
(449, 668, 145, 22940.00, 23370.00, 10380.00, 10380.00),
(450, 668, 145, 22940.00, 23370.00, 35930.00, 35930.00),
(451, 669, 146, 10000.00, 30900.00, 24600.00, 24600.00),
(452, 669, 146, 10000.00, 30900.00, 16300.00, 16300.00),
(453, 670, 77, 1.00, 4289.00, 4290.00, 4290.00),
(454, 671, 147, 27280.00, 0.00, 16900.00, 16900.00),
(455, 671, 147, 27280.00, 0.00, 10380.00, 10380.00),
(456, 672, 148, 32220.00, 0.00, 21840.00, 32640.00),
(457, 672, 148, 32220.00, 0.00, -420.00, 10380.00),
(458, 673, 149, 5000.00, 7680.00, 6300.00, 16300.00),
(459, 673, 149, 5000.00, 7680.00, -3620.00, 6380.00),
(460, 674, 150, 20000.00, 42874.00, 22374.00, 24860.00),
(461, 674, 150, 20000.00, 42874.00, 40500.00, 45000.00),
(462, 675, 151, 26000.00, 1880.00, 18590.00, 18590.00),
(463, 675, 151, 26000.00, 1880.00, 9290.00, 9290.00),
(464, 676, 152, 18700.00, 0.00, 8800.00, 15300.00),
(465, 676, 152, 18700.00, 0.00, 3400.00, 9900.00),
(466, 677, 40, 19520.00, 19520.00, 19520.00, 24400.00),
(471, 680, 154, 5000.00, 35752.00, 9342.00, 10380.00),
(472, 680, 154, 5000.00, 35752.00, 31410.00, 34900.00),
(473, 681, 155, 4900.00, 25560.00, 11880.00, 18480.00),
(474, 681, 155, 4900.00, 25560.00, 2690.00, 9290.00),
(478, 683, 157, 10000.00, 55930.00, 28930.00, 35930.00),
(479, 683, 157, 10000.00, 55930.00, 30000.00, 37000.00),
(483, 685, 156, 34000.00, 193860.00, 19000.00, 26000.00),
(484, 685, 156, 34000.00, 193860.00, 17860.00, 24860.00),
(485, 685, 156, 34000.00, 193860.00, 177000.00, 184000.00),
(488, 687, 158, 20000.00, 39400.00, 15300.00, 17000.00),
(489, 687, 158, 20000.00, 39400.00, 44100.00, 49000.00),
(490, 688, 159, 35290.00, 0.00, 26000.00, 26000.00),
(491, 688, 159, 35290.00, 0.00, 9290.00, 9290.00),
(492, 689, 160, 27885.00, 0.00, 27885.00, 37180.00),
(495, 691, 161, 2.00, 2668.00, -3710.00, 4290.00),
(496, 691, 161, 2.00, 2668.00, -1620.00, 6380.00),
(497, 692, 162, 3000.00, 30190.00, 9290.00, 9290.00),
(498, 692, 162, 3000.00, 30190.00, 23900.00, 23900.00),
(499, 693, 163, 3000.00, 23770.00, 10380.00, 10380.00),
(500, 693, 163, 3000.00, 23770.00, 16390.00, 16390.00),
(501, 694, 164, 27880.00, 0.00, 9290.00, 9290.00),
(502, 694, 164, 27880.00, 0.00, 18590.00, 18590.00),
(511, 699, 165, 41400.00, 2540.00, 4290.00, 4290.00),
(512, 699, 165, 41400.00, 2540.00, 30360.00, 30360.00),
(513, 699, 165, 41400.00, 2540.00, 9290.00, 9290.00),
(514, 700, 166, 45940.00, 0.00, 10380.00, 10380.00),
(515, 700, 166, 45940.00, 0.00, 35560.00, 35560.00),
(516, 701, 167, 16760.00, 0.00, 10380.00, 10380.00),
(517, 701, 167, 16760.00, 0.00, 6380.00, 6380.00),
(518, 774, 1, 321.00, 47239.00, 47560.00, 47560.00),
(519, 775, 1, 12.00, 47548.00, 47560.00, 47560.00),
(520, 790, 1, 20000.00, 15930.00, 35930.00, 35930.00),
(521, 791, 1, 1500.00, 2790.00, 4290.00, 4290.00);

-- --------------------------------------------------------

--
-- Estructura de tabla para la tabla `producto`
--

CREATE TABLE `producto` (
  `codproducto` int(11) NOT NULL,
  `codigo` varchar(20) NOT NULL,
  `descripcion` varchar(200) NOT NULL,
  `precio` decimal(10,2) NOT NULL,
  `existencia` int(11) NOT NULL,
  `usuario_id` int(11) NOT NULL,
  `estado` int(11) NOT NULL DEFAULT 1,
  `precio_bruto` decimal(10,2) NOT NULL,
  `marca` text NOT NULL
) ENGINE=InnoDB DEFAULT CHARSET=utf8 COLLATE=utf8_spanish_ci;

--
-- Volcado de datos para la tabla `producto`
--

INSERT INTO `producto` (`codproducto`, `codigo`, `descripcion`, `precio`, `existencia`, `usuario_id`, `estado`, `precio_bruto`, `marca`) VALUES
(27, '061', '061', 27060.00, 4, 1, 1, 9000.00, 'optitechkids'),
(28, '063', '063', 27060.00, 2, 8, 1, 9000.00, 'optitechkids'),
(29, '047', '047', 30200.00, 2, 8, 1, 12000.00, 'optitechkids'),
(30, '026', '026', 27060.00, 1, 8, 1, 9000.00, 'optitechkids'),
(31, '059', '059', 27060.00, 1, 8, 1, 9000.00, 'optitechkids'),
(32, '025', '025', 27060.00, 1, 8, 1, 9000.00, 'optitechkids'),
(33, '046', '046', 27060.00, 1, 8, 1, 9000.00, 'optitechkids'),
(34, '060', '060', 27060.00, 1, 8, 1, 9000.00, 'optitechkids'),
(35, '032', '032', 27060.00, 1, 8, 1, 9000.00, 'optitechkids'),
(36, '048', '048', 27060.00, 2, 8, 1, 9000.00, 'optitechkids'),
(51, '6m95h', '6m95h', 18590.00, 1, 8, 1, 5900.00, 'giudicatti'),
(52, '12m95', '12m95', 18590.00, 4, 8, 1, 5900.00, 'giudicatti'),
(53, '5m75h', '5m75h', 18590.00, 3, 8, 1, 5900.00, 'giudicatti'),
(54, '8m95', '8m95', 18590.00, 3, 8, 1, 5900.00, 'giudicatti'),
(55, 'm75h', 'm75h', 18590.00, 1, 8, 1, 5900.00, 'giudicatti'),
(56, 'economico', 'PASTA', 6380.00, 64, 8, 1, 0.00, 'PASTA'),
(57, 'economicos', 'metal', 9900.00, 5, 8, 1, 0.00, ''),
(58, 'economicos', 'sol', 13900.00, 21, 8, 1, 4900.00, ''),
(67, 'dm8813', 'dm8813', 24600.00, 0, 8, 1, 0.00, ''),
(68, 'dm8804', 'dm8804', 24623.50, 1, 8, 0, 6300.00, 'señal'),
(69, 'am33', 'am33', 24623.50, 1, 8, 0, 6300.00, 'señal'),
(70, 'm007', 'm007', 24623.50, 2, 8, 0, 6300.00, 'señal'),
(71, '0170', '0170', 24623.50, 0, 8, 0, 6300.00, 'señal'),
(72, 'am06', 'am06', 24623.50, 1, 8, 0, 6300.00, 'señal'),
(73, 'am02', 'am02', 24623.50, 1, 8, 0, 6300.00, 'señal'),
(74, 'am37', 'am37', 24623.50, 1, 8, 0, 6300.00, 'señal'),
(75, '95595', '95595', 24623.50, 1, 8, 0, 6300.00, 'señal'),
(76, '55216', '55216', 24623.50, 1, 8, 0, 6300.00, 'señal'),
(77, 'mg3361', 'mg3361', 24623.50, 1, 8, 0, 6300.00, 'señal'),
(78, 'h2270', 'h2270', 21890.00, 1, 8, 1, 6700.00, 'amalfi'),
(79, 'h2295', 'h2295', 27800.00, 0, 8, 1, 6700.00, 'AMALFI'),
(80, 'v1075', 'v1075', 23000.00, 1, 8, 1, 6700.00, 'AMALFI'),
(81, 'h2218', 'h2218', 21890.00, 1, 8, 1, 6700.00, 'amalfi'),
(82, 'v1101', 'v1101', 21890.00, 1, 8, 1, 6700.00, 'amalfi'),
(83, 'v1074', 'v1074', 21890.00, 0, 8, 1, 6700.00, 'amalfi'),
(84, '7532', '7532', 13090.00, 1, 8, 1, 3450.00, 'giudicatti'),
(85, '7530', '7530', 13090.00, 0, 8, 1, 3450.00, 'giudicatti'),
(86, '7517', '7527', 13090.00, 2, 8, 1, 3450.00, 'giudicatti'),
(87, '7509', '7509', 13090.00, 0, 8, 1, 3450.00, 'giudicatti'),
(88, '20205', '20205', 13090.00, 1, 8, 1, 3450.00, 'giudicatti'),
(89, '8082', '8082', 19900.00, 0, 8, 1, 0.00, ''),
(91, '0614', '0614', 14900.00, 1, 8, 1, 0.00, ''),
(92, '5014', '5014', 14900.00, 3, 8, 1, 3450.00, 'GIUDICATTI'),
(93, '9020', '9020', 18200.00, 10, 8, 1, 5600.00, 'giudicattikids'),
(94, '9015', '9015', 18590.00, 3, 8, 1, 4900.00, 'GIUDICATI'),
(95, '9012', '9012', 14900.00, 5, 8, 1, 4900.00, 'giudicattikids'),
(96, '9001', '9001', 16900.00, 3, 8, 1, 0.00, ''),
(97, '1059', '1059', 14900.00, 1, 8, 1, 4900.00, 'giudicattikids'),
(98, '1090', '1090', 14900.00, 1, 8, 0, 4900.00, 'giudicattikids'),
(99, '1086', '1086', 14900.00, 2, 8, 1, 4900.00, 'giudicattikids'),
(100, '1061', '1061', 14900.00, 2, 8, 1, 4900.00, 'giuducattikids'),
(101, '001', '001', 14900.00, 1, 8, 1, 4900.00, 'giudicattikids'),
(102, '9017', '9017', 16390.00, 2, 8, 1, 4900.00, 'giudicatikids'),
(103, '1021', '1021', 16390.00, 1, 8, 1, 4900.00, 'giudicatikids'),
(104, '9008', '9008', 14900.00, 0, 8, 1, 4900.00, 'giuducatikids'),
(105, '1063', '1063', 16390.00, 1, 8, 1, 4900.00, 'giudicatikids'),
(106, '9014', '9014', 16390.00, 4, 8, 1, 4900.00, 'giudicatikids'),
(107, '8001', '8001', 16390.00, 1, 8, 1, 4900.00, 'giudicatikids'),
(108, '9010', '9010', 16390.00, 1, 8, 1, 4900.00, 'giudicatikids'),
(109, '1056', '1056', 16390.00, 2, 8, 1, 4900.00, 'giudicatikids'),
(110, '1098', '1098', 14900.00, 1, 8, 1, 4900.00, 'giudicattikids'),
(111, '9002', '9002', 14900.00, 3, 8, 1, 4900.00, 'giudicattikids'),
(112, '9013', '9013', 14900.00, 4, 8, 1, 0.00, ''),
(113, '9011', '9011', 16390.00, 0, 8, 1, 4900.00, 'giudicatikids'),
(114, '9018', '9018', 14900.00, 0, 8, 1, 4900.00, 'giudicattikids'),
(115, '9007', '9007', 16390.00, 2, 8, 1, 4900.00, 'giudicatikids'),
(116, '67', 'FLEX NIÑO ', 13090.00, 0, 8, 1, 3550.00, 'giudicatti'),
(117, '1023', '1023', 13090.00, 2, 8, 1, 3450.00, 'giudicati'),
(118, '018', '018', 14900.00, 4, 8, 1, 3450.00, 'giudicatti'),
(119, '6212', '6212', 28490.00, 4, 8, 1, 6450.00, 'giudicati clipon'),
(120, '1924', '1924', 28490.00, 3, 8, 1, 6450.00, 'giudicati clipon'),
(121, '6213', '6213', 28490.00, 1, 8, 1, 6450.00, 'giudicati clipon'),
(122, '021', '021', 18480.00, 1, 8, 1, 5100.00, 'giudicati'),
(123, '023', '023', 18480.00, 2, 8, 1, 5100.00, 'giudicati'),
(124, '008', '008', 18480.00, 1, 8, 1, 5100.00, 'giudicati'),
(125, '022', '022', 18480.00, 1, 8, 1, 5100.00, 'giudicati'),
(126, '014', '014', 18480.00, 4, 8, 1, 5100.00, 'giudicati'),
(127, '70', '70', 18480.00, 1, 8, 1, 5100.00, 'giudicati'),
(128, '330', '330', 18480.00, 0, 8, 1, 5100.00, 'giudicati'),
(129, '75', '75', 18480.00, 2, 8, 1, 5100.00, 'giudicati'),
(130, '1069', '1069', 16800.00, 1, 8, 1, 5100.00, 'giuducati'),
(131, '9022', '9022', 18480.00, 2, 8, 1, 5100.00, 'giudicati'),
(132, '9021', '9021', 18480.00, 1, 8, 1, 5100.00, 'giudicati'),
(133, '889', '889', 18480.00, 1, 8, 1, 5100.00, 'giudicati'),
(134, '20104', '20104', 18480.00, 0, 8, 1, 5100.00, 'giudicati'),
(135, '8895', '8895', 18480.00, 1, 8, 1, 5100.00, 'giudicati'),
(136, '9024', '9024', 18480.00, 1, 8, 1, 5100.00, 'giudicati'),
(137, '9004', '9004', 18480.00, 1, 8, 1, 5100.00, 'giudicati'),
(138, '8150', '8150', 18480.00, 1, 8, 1, 5100.00, 'giudicati'),
(139, '1010', '1010', 25000.00, 2, 8, 1, 6000.00, 'GIUDICATTI'),
(140, 'Over', 'Over', 31339.00, 0, 1, 1, 12700.00, 'Polaroid'),
(141, '51', '51', 31339.00, 1, 1, 1, 12700.00, 'Polaroid'),
(142, '14', '14', 31339.00, 1, 1, 1, 12700.00, 'Polaroid'),
(143, '6', '6', 31339.00, 1, 1, 1, 12700.00, 'Polaroid'),
(144, '47', '47', 31339.00, 1, 1, 1, 12700.00, 'Polaroid'),
(145, '41', '41', 31339.00, 1, 1, 1, 12700.00, 'Polaroid'),
(146, '3', '3', 21778.55, 2, 1, 1, 8190.00, 'Rusty'),
(147, '313', '313', 21890.00, 4, 1, 1, 7400.00, 'optitechkids'),
(148, '326', '326', 21890.00, 3, 1, 1, 7400.00, 'optitechkids'),
(149, '133', '133', 21778.55, 1, 1, 1, 7380.00, 'Rusty'),
(150, '311', '311', 17077.50, 1, 1, 1, 7380.00, 'Optitechkids'),
(151, 'Meq', 'Meq', 26421.56, 0, 1, 1, 7365.00, 'Rusty'),
(152, 'Cut', 'Cut', 26421.56, 2, 1, 1, 7365.00, 'Rusty'),
(153, '251', '251', 14399.00, 1, 1, 1, 3000.00, 'Monkey'),
(154, '114', '114', 14399.00, 2, 1, 1, 3000.00, 'Monkey'),
(155, '5196', '5196', 20790.00, 1, 1, 1, 6000.00, 'Reef'),
(156, '036', '036', 27060.00, 1, 1, 1, 9000.00, 'Optitechkids'),
(157, '319', '319', 32890.00, 1, 1, 1, 12463.00, 'Optitechkids'),
(158, '320', '320', 32890.00, 3, 1, 1, 12463.00, 'Optitechkids'),
(159, '226', '226', 32890.00, 1, 1, 1, 12463.00, 'Optitechkids'),
(160, '210', '210', 14399.00, 2, 1, 1, 3000.00, 'Monkey'),
(161, '04', '04', 14399.00, 1, 1, 1, 3000.00, 'Monkey'),
(162, '226 g', '226 g', 12959.10, 1, 1, 1, 5000.00, 'Garfield'),
(163, '04 g', '04 g', 12959.10, 1, 1, 1, 5000.00, 'Garfield'),
(164, '1932', '1932', 18491.22, 1, 1, 1, 8190.00, 'Garfield'),
(165, '28', '28', 18491.22, 1, 1, 1, 8190.00, 'Garfield'),
(166, '02', '02', 12959.10, 1, 1, 1, 5000.00, 'Garfield'),
(167, 'C5', 'C5', 12959.10, 1, 1, 1, 5000.00, 'Garfield'),
(168, '03', '03', 12959.10, 1, 1, 1, 5000.00, 'Garfield'),
(169, '129', '129', 26.42, 2, 1, 1, 7365.00, 'Rusty'),
(170, '140', '140', 14399.00, 1, 1, 1, 3000.00, 'Monkey'),
(171, '30', '30', 24611.40, 1, 1, 1, 7500.00, 'Garfield'),
(172, '330 gyor', '330 gyor', 24860.00, 1, 1, 1, 7500.00, 'Gyor'),
(173, '20105', '20105', 22600.00, 1, 1, 1, 7500.00, 'Polaroid clipon'),
(174, '18', 'FLEX NIÑO', 32648.22, 4, 1, 1, 10769.00, 'GARFIELD'),
(175, '16', '16', 16226.10, 1, 1, 1, 4500.00, 'Garfield'),
(176, '218', '218', 16226.10, 1, 1, 1, 4500.00, 'Garfield'),
(177, '3026', '3026', 18678.00, 2, 1, 1, 8190.00, 'Gyor'),
(178, '3025', '3025', 18678.00, 1, 1, 0, 8190.00, 'Gyor'),
(179, '1', '1', 9900.00, 4, 1, 1, 3500.00, 'Flexi gum'),
(180, '2', '2', 3850.00, 3, 1, 1, 9000.00, 'Bimino'),
(181, '1004', '1004', 18590.00, 0, 1, 1, 6700.00, 'GIUDICATTI'),
(182, '1015', '1015', 13090.00, 1, 1, 1, 3450.00, 'Giudicatti'),
(183, '0725', '0725', 13090.00, 1, 1, 1, 3450.00, 'Giudicatti'),
(184, '1031', '1031', 13090.00, 2, 1, 1, 3450.00, 'Giudicatti'),
(185, '19031', '19031', 24860.00, 1, 8, 1, 8600.00, 'MIRABILE'),
(186, '1002', '1002', 24860.00, 2, 8, 0, 8600.00, 'MIRABILE'),
(187, '6620', '6620', 24860.00, 0, 8, 1, 8600.00, 'MIRABILE'),
(188, 'M9', 'M9', 24860.00, 1, 8, 1, 8600.00, 'MIRABILE'),
(189, '1728', '1728', 24860.00, 1, 8, 1, 8600.00, 'MIRABILE'),
(190, '102', '102', 24860.00, 1, 8, 1, 8600.00, 'MIRABILE'),
(191, '1718', '1718', 24860.00, 1, 8, 1, 8600.00, 'MIRABILE'),
(192, '1629', '1629', 24860.00, 0, 8, 1, 8600.00, 'MIRABILE'),
(193, '82097', '82097', 24860.00, 2, 8, 1, 8600.00, 'MIRABILE'),
(194, '1838', '1838', 24860.00, 1, 8, 1, 8600.00, 'MIRABILE'),
(195, '8503', '8503', 24860.00, 2, 8, 1, 8600.00, 'MIRABILE'),
(196, '8506', '8506', 24860.00, 1, 8, 1, 8600.00, 'MIRABILE'),
(197, 'YK1010', 'YK1010', 24860.00, 2, 8, 1, 8600.00, 'MIRABILE'),
(198, 'MIRABILE', 'MIRABILE', 24860.00, 0, 8, 1, 8600.00, 'MIRABILE'),
(200, '8508', '8508', 24860.00, 3, 8, 1, 8600.00, 'MIRABILE'),
(201, '1011', '1011', 24860.00, 0, 8, 1, 8600.00, 'MIRABILE'),
(202, '62123', '62123', 26800.00, 1, 8, 1, 6500.00, 'MIRABILE'),
(203, '8512', '8512', 24860.00, 0, 8, 1, 8600.00, 'MIRABILE'),
(204, '1009', '1009', 24860.00, 1, 8, 1, 8600.00, 'MIRABILE'),
(205, 'M14', 'M14', 24860.00, 0, 8, 1, 8600.00, 'MIRABILE'),
(206, '8502', '8502', 24860.00, 0, 8, 1, 8600.00, 'MIRABILE'),
(207, '62177', '62177', 24860.00, 0, 8, 1, 8600.00, 'MIRABILE'),
(208, '19028', '19028', 24860.00, 1, 8, 1, 8600.00, 'MIRABILE'),
(209, '8111', '8111', 24860.00, 3, 8, 1, 8600.00, 'MIRABILE'),
(210, '8504', '8504', 24860.00, 1, 8, 1, 8600.00, 'MIRABILE'),
(211, '62009', '62009', 24860.00, 2, 8, 1, 8600.00, 'MIRABILE'),
(212, '8091', '8091', 24860.00, 3, 8, 1, 8600.00, 'MIRABILE'),
(213, '82013', '82013', 24860.00, 1, 8, 1, 8600.00, 'MIRABILE'),
(214, '01650', '01650', 16390.00, 0, 8, 1, 4900.00, 'GIUDICATTI'),
(215, '8510', '8510', 24860.00, 1, 8, 1, 8600.00, 'MIRABILE'),
(216, 'M8', 'M8', 24860.00, 1, 8, 1, 8600.00, 'MIRABILE'),
(217, 'TR5005', 'TR5005', 16390.00, 3, 8, 1, 4900.00, 'KIDS'),
(218, 'TR5009', 'TR5009', 16390.00, 3, 8, 1, 4900.00, 'KIDS'),
(219, 'TR5006', 'TR5006', 16390.00, 2, 8, 1, 4900.00, 'KIDS'),
(220, 'TR5002', 'TR5002', 16390.00, 2, 8, 1, 4900.00, 'KIDS'),
(221, 'TR5001', 'TR5001', 16390.00, 1, 8, 1, 4900.00, 'KIDS'),
(222, 'p8502', 'p8502', 22000.00, 1, 8, 1, 6700.00, 'GIUDICATI'),
(223, 'p8500', 'p8500', 18480.00, 1, 8, 1, 5100.00, 'giudicati'),
(224, 'tr025', 'tr025', 18480.00, 0, 8, 1, 5100.00, 'giudicati'),
(225, '8501', '8501', 18480.00, 1, 8, 1, 5100.00, 'giudicati'),
(226, '1005', '1005', 18480.00, 0, 8, 1, 5100.00, 'giudicati'),
(227, '8511', '8511', 22000.00, 1, 8, 1, 0.00, ''),
(228, 'vector IV', 'vector IV', 18590.00, 2, 8, 1, 6290.00, 'fauno'),
(229, 'minimal I', 'minimal I', 18590.00, 1, 8, 1, 6290.00, 'FAUNO'),
(230, 'minimal III', 'minimal III', 18590.00, 1, 8, 1, 6290.00, 'FAUNO'),
(231, 'gen III', 'gen III', 18590.00, 1, 8, 1, 6290.00, 'FAUNO'),
(232, 'USHUAIA', 'USHUAIA', 18590.00, 1, 8, 1, 6290.00, 'FAUNO'),
(233, 'v1095', 'v1095', 21890.00, 0, 8, 1, 6850.00, 'amalfi'),
(234, '1908', '1908', 16117.20, 0, 8, 1, 5143.00, 'ferrer'),
(235, '5207', '5207', 18900.00, 1, 8, 1, 0.00, ''),
(236, '5224', '5224', 16117.20, 0, 8, 1, 5143.00, 'ferrer'),
(237, '5225', '5225', 16117.20, 1, 8, 1, 5143.00, 'ferrer'),
(238, 'FLEX NIÑO', 'FLEX NIÑO', 28205.10, 5, 8, 1, 8900.00, 'GARFIELD'),
(239, '2103', '2103', 32560.00, 1, 8, 0, 10769.00, 'PIERRE CARDIN'),
(240, '2099', '2099', 32560.00, 1, 8, 1, 10769.00, 'PIERRE CARDIN'),
(241, '5097', '5097', 32560.00, 1, 8, 1, 10769.00, 'CAROLINA EMANUEL'),
(242, '6045', '6045', 35560.00, 0, 8, 1, 0.00, ''),
(243, '2102', '2102', 37840.00, 1, 8, 1, 11980.00, 'PIERRE CARDIN'),
(244, '5024', '5024', 32560.00, 1, 8, 1, 10769.00, 'CAROLINA EMANUEL'),
(245, '4039', '4039', 32560.00, 1, 8, 1, 10769.00, 'TASCANI'),
(246, '6047', '6047', 32560.00, 1, 8, 1, 10769.00, 'PIERRE CARDIN'),
(247, '4114', '4114', 32560.00, 1, 8, 1, 10769.00, 'TASCANI'),
(248, '6035', '6035', 32560.00, 1, 8, 1, 10769.00, 'PIERRE CARDIN'),
(249, '4019', '4019', 32560.00, 1, 8, 1, 10769.00, 'TASCANI'),
(250, '5113', '5113', 32560.00, 1, 8, 1, 10769.00, 'CAROLINA EMANUEL'),
(251, '5059', '5059', 32560.00, 1, 8, 1, 10769.00, 'CAROLINA EMANUEL'),
(252, '3048', '3048', 32560.00, 1, 8, 1, 10769.00, 'MUAA'),
(253, '5080', '5080', 32560.00, 1, 8, 1, 10769.00, 'CAROLINA EMANUEL'),
(254, '5011', '5011', 32560.00, 1, 8, 1, 10769.00, 'CAROLINA EMANUEL'),
(255, '71', '71', 24623.50, 3, 8, 0, 6300.00, 'SEÑAL'),
(256, '0013', '0013', 24623.50, 2, 8, 0, 6300.00, 'SEÑAL'),
(257, '0197', '0197', 24623.50, 1, 8, 0, 6300.00, 'SEÑAL'),
(258, '012', '012', 24623.50, 2, 8, 0, 6300.00, 'SEÑAL'),
(259, '2206', '2206', 24623.50, 1, 8, 0, 6300.00, 'SEÑAL'),
(260, '0252', '0252', 24623.50, 1, 8, 0, 6300.00, 'SEÑAL'),
(261, '0091', '0091', 24623.50, 2, 8, 0, 6300.00, 'SEÑAL'),
(262, '2201', '2201', 24623.50, 1, 8, 0, 6300.00, 'SEÑAL'),
(263, 'K9768', 'K9768', 21890.00, 0, 8, 1, 6700.00, 'AMALFI'),
(264, '1163', '1163', 21890.00, 1, 8, 1, 6700.00, 'AMALFI'),
(265, '2547', '2547', 21890.00, 0, 8, 1, 6700.00, 'AMALFI'),
(266, '9722', '9722', 21890.00, 1, 8, 1, 6700.00, 'AMALFI'),
(267, '4006', '4006', 32560.00, 1, 8, 1, 10769.00, 'TASCANI'),
(268, '28145', '28145', 32560.00, 1, 8, 1, 10769.00, 'hanoover'),
(269, '3809', '3809', 32890.00, 3, 8, 1, 12340.00, 'PHILIPPE ROSSET'),
(270, '6151', '6151', 37180.00, 1, 8, 1, 16600.00, 'OSSIRA'),
(271, '283', '283', 36080.00, 1, 8, 1, 15700.00, 'FLEUR'),
(272, '281', '281', 36080.00, 0, 8, 1, 15700.00, 'FLEUR'),
(273, '284', '284', 36080.00, 0, 8, 1, 15700.00, 'FLEUR'),
(274, '250', '250', 43000.00, 0, 8, 1, 15500.00, 'FLEUR CLIPON'),
(275, '6150', '6150', 39490.00, 1, 8, 1, 14600.00, 'LAS OREIRO'),
(276, '3872', '3872', 42790.00, 1, 8, 1, 15800.00, 'LAS OREIRO '),
(277, '3804', '3804', 31790.00, 0, 8, 1, 15800.00, 'OSSIRA'),
(278, '3869', '3869', 42790.00, 1, 8, 1, 15800.00, 'OSSIRA'),
(279, '3846', '3846', 31790.00, 1, 8, 1, 15800.00, 'OSSIRA'),
(280, '991', '991', 32890.00, 1, 8, 1, 12310.00, 'WANAMA'),
(281, '3816', '3816', 32890.00, 1, 8, 1, 12310.00, 'WANAMA'),
(282, '6160', '6160', 30360.00, 1, 8, 1, 14100.00, 'PHILIPPE ROSSET'),
(283, '6101', '6101', 29150.00, 1, 8, 0, 11500.00, 'WRANGLER'),
(284, 'm258', 'm258', 32780.00, 1, 8, 1, 14750.00, 'reef'),
(285, 'm260', 'm260', 32780.00, 1, 8, 1, 14750.00, 'reef'),
(286, '266', '266', 37780.00, 2, 8, 1, 0.00, ''),
(287, '556', '556', 36000.00, 1, 8, 1, 15200.00, 'optitech clipon'),
(288, 'k319', 'k319', 29600.00, 1, 8, 1, 10770.00, 'optitechkids clipon'),
(289, 'k320', 'k320', 36000.00, 1, 8, 1, 15000.00, 'optitechkids'),
(290, 'op246', 'op246', 31680.00, 1, 8, 0, 15600.00, 'optitech'),
(291, 'op288', 'op288', 27390.00, 1, 8, 1, 11300.00, 'optitech'),
(292, 'op271', 'op271', 27390.00, 1, 8, 1, 11300.00, 'optitech'),
(293, '120', '120', 27390.00, 1, 8, 1, 11300.00, 'optitech'),
(294, 'op259', 'op259', 27390.00, 1, 8, 1, 11300.00, 'optitech'),
(295, 'ay193', 'ay193', 23595.00, 0, 8, 1, 7990.00, 'ay not dead '),
(296, 'ay195', 'ay195', 23595.00, 0, 8, 1, 7990.00, 'ay not dead'),
(297, 'ay687', 'ay687', 23595.00, 1, 8, 1, 7990.00, 'ay not dead'),
(298, 'ay215', 'ay215', 38115.00, 1, 8, 1, 12990.00, 'ay not dead '),
(299, 'ay224', 'ay224', 35211.00, 1, 8, 1, 11990.00, 'ay not dead'),
(300, 'ay194', 'ay194', 23595.00, 1, 8, 1, 7990.00, 'ay not dead'),
(301, 'ay197', 'ay197', 23595.00, 1, 8, 1, 7990.00, 'ay not dead'),
(302, 'ay655', 'ay655', 29282.00, 1, 8, 1, 9990.00, 'ay not dead'),
(303, 'ay158', 'ay158', 23595.00, 1, 8, 1, 7990.00, 'ay not dead'),
(304, 'aay219', 'ay219', 38115.00, 1, 8, 1, 12990.00, 'ay not dead'),
(305, 'ay647', 'ay647', 22022.00, 3, 8, 1, 5990.00, 'ay not dead'),
(306, 'ay552', 'ay552', 22022.00, 0, 8, 1, 5990.00, 'ay not dead'),
(307, 'ay634', 'ay634', 22022.00, 1, 8, 1, 5990.00, 'ay not dead'),
(308, 'ay686', 'ay686', 29282.00, 2, 8, 1, 7990.00, 'ay not dead'),
(309, 'ay627', 'ay627', 22022.00, 1, 8, 1, 5990.00, 'ay not dead'),
(310, 'ay593', 'ay593', 22022.00, 2, 8, 1, 5990.00, 'ay not dead'),
(311, 'ay621', 'ay621', 22022.00, 1, 8, 1, 5990.00, 'ay not dead'),
(312, 'ay592', 'ay592', 22022.00, 2, 8, 1, 5990.00, 'ay not dead'),
(313, 'ay076', 'ay076', 22022.00, 1, 8, 1, 5990.00, 'ay not dead'),
(314, 'ay587', 'ay587', 22022.00, 1, 8, 1, 5990.00, 'ay not dead'),
(315, 'ay651', 'ay651', 22022.00, 1, 8, 1, 5990.00, 'ay not dead'),
(316, 'ay700', 'ay700', 36663.00, 1, 8, 1, 9990.00, 'ay not dead'),
(317, 'ay641', 'ay641', 22022.00, 1, 8, 1, 5990.00, 'ay not dead'),
(318, '1661', '1661', 32560.00, 1, 8, 1, 10769.00, 'pierre cardin'),
(319, 'PREMIUM', 'PREMIUM', 17900.00, 13, 8, 1, 6900.00, ''),
(320, '145', '145', 20405.00, 3, 8, 1, 7650.00, 'VULK'),
(321, '19140', '19140', 20405.00, 1, 8, 1, 7650.00, 'VULK'),
(322, 'BENNIE51', 'BENNIE51', 25069.00, 1, 8, 0, 8850.00, 'VULK'),
(323, '10-7', '10-7', 20405.00, 1, 8, 1, 7650.00, 'VULK'),
(324, 'AY199', 'AY199', 29282.00, 1, 8, 1, 9990.00, 'AY NOT DEAD'),
(325, 'AY028', 'AY028', 21000.00, 1, 8, 1, 10000.00, 'ay not dead'),
(326, '4521', '4521', 32560.00, 1, 8, 1, 10769.00, 'TASCANI'),
(327, '16140', '16140', 27575.90, 1, 8, 1, 8850.00, 'RUSTY'),
(328, '3107', '3107', 27575.90, 9, 8, 1, 8850.00, 'RUSTY'),
(329, '310-7', '310-7', 25069.00, 3, 8, 1, 8850.00, 'VULK'),
(330, '30-71', '30-71', 24400.00, 6, 8, 1, 0.00, ''),
(331, '4527', '4527', 32560.00, 1, 8, 1, 10769.00, 'TASCANI'),
(332, '4589', '4589', 32560.00, 2, 8, 1, 10769.00, 'TASCANI'),
(333, '5524', '5524', 32560.00, 3, 8, 1, 10769.00, 'CAROLINA EMANUEL'),
(334, 'SIANA C3', 'SIANA C3', 22445.50, 1, 8, 1, 7650.00, 'RUSTY'),
(335, '4539', '4539', 32560.00, 1, 8, 0, 10769.00, 'TASCANI'),
(336, '4561', '4561', 32560.00, 1, 8, 1, 10769.00, 'TASCANI'),
(337, '5567', '5567', 32560.00, 1, 8, 1, 10769.00, 'CAROLINA EMANUEL'),
(338, 'DAM', 'DAM', 38093.22, 1, 8, 1, 13600.00, 'RUSTY'),
(339, 'ESLAV', 'ESLAV', 44249.70, 2, 8, 1, 16750.00, 'RUSTY'),
(340, 'SOTION', 'SOTION', 44249.70, 2, 8, 1, 16750.00, 'RUSTY'),
(341, 'LAID', 'LAID', 38093.22, 1, 8, 1, 13600.00, 'RUSTY'),
(342, '8098', '8098', 17169.90, 1, 8, 1, 4000.00, 'SEÑAL'),
(343, '2002', '2002', 14190.00, 1, 8, 1, 4000.00, 'PIERRE CARDIN'),
(344, '610', '610', 14190.00, 2, 8, 1, 4000.00, 'PASSPORT'),
(345, '914', '914', 14190.00, 1, 8, 1, 4000.00, 'JOHN LE COOK'),
(346, '1519', '1519', 14190.00, 1, 8, 1, 4000.00, 'MIRABILE'),
(347, '3038', '3038', 14190.00, 1, 8, 1, 4000.00, 'MUAA'),
(348, '135', '135', 15041.40, 1, 8, 1, 4000.00, 'VULK'),
(349, '2020', '2020', 17000.00, 1, 8, 1, 5600.00, 'PIERRE CARDIN'),
(350, '9266', '9266', 17169.90, 1, 8, 1, 4000.00, 'SEÑAL'),
(351, '785', '785', 14190.00, 1, 8, 1, 4000.00, 'WANAMA'),
(352, 'AY601', 'AY601', 15609.00, 1, 8, 1, 4000.00, 'AY NOT DEAD'),
(353, '5086', '5086', 14190.00, 1, 8, 1, 4000.00, 'CAROLINA EMANUEL'),
(354, '21-135', '21-135', 14190.00, 1, 8, 1, 4000.00, 'METRO'),
(355, '2052', '2052', 12900.00, 1, 8, 1, 4000.00, 'PIERRE CRADIN'),
(356, '2039', '2039', 14190.00, 0, 8, 1, 4000.00, 'PIERRE CARDIN'),
(357, '94-9', '94-9', 14190.00, 1, 8, 1, 4000.00, 'MUAA'),
(358, '19-135', '19-135', 14190.00, 1, 8, 1, 4000.00, 'METRO'),
(359, '1973', '1973', 19900.00, 1, 8, 1, 0.00, ''),
(360, '8024', '8024', 11990.00, 5, 8, 1, 4000.00, 'INDUSTRIA ARGENTINA'),
(361, '8010', '8010', 14190.00, 1, 8, 1, 4000.00, 'INDUSTRIA ARGENTINA'),
(362, '318', '318', 11990.00, 1, 8, 1, 4000.00, 'GIORGIO CASSANI'),
(363, '2079', '2079', 11990.00, 1, 8, 1, 4000.00, 'PIERRE CARDIN'),
(364, 'BRVIO-BR', 'BRVIO-BR', 12709.40, 1, 8, 1, 4000.00, 'VULK'),
(365, '3020', '3020', 11990.00, 0, 8, 1, 4000.00, 'MUAA'),
(366, '5042', '5042', 11990.00, 1, 8, 1, 4000.00, 'CAROLINA EMANUEL'),
(367, '5211', '5211', 11990.00, 2, 8, 1, 4000.00, 'REEF'),
(368, '8012', '8012', 11990.00, 2, 8, 1, 4000.00, 'INDUSTRIA ARGENTINA'),
(369, '5213', '5213', 11990.00, 1, 8, 1, 4000.00, 'REEF'),
(370, '002', '002', 11990.00, 0, 8, 1, 4000.00, 'PHILIPPE ROSSET'),
(371, '980', '980', 11990.00, 1, 8, 1, 4000.00, 'JOHN LE COOK'),
(372, '140-18', '140-18', 11990.00, 3, 8, 1, 4000.00, 'ORBITAL'),
(373, '1073', '1073', 10900.00, 1, 8, 1, 4000.00, 'MHAR'),
(374, '6307', '6307', 11990.00, 1, 8, 1, 4000.00, 'PIERRE CARDIN'),
(375, '19-140', '19-140', 10900.00, 1, 8, 1, 4000.00, 'MNL-B'),
(376, '295', '295', 8900.00, 1, 8, 1, 4000.00, 'GIORGIO'),
(377, '9234', '9234', 11845.90, 1, 8, 1, 4000.00, 'SEÑAL'),
(378, '570', '570', 12900.00, 0, 8, 1, 0.00, ''),
(379, '1829', '1829', 9790.00, 1, 8, 1, 4000.00, 'GIUDICATTI'),
(380, '9016', '9016', 9790.00, 1, 8, 1, 4000.00, 'GIUDICATTI'),
(381, 'sp001', 'sp001', 9790.00, 0, 8, 1, 4000.00, 'pasta'),
(382, 'sp002', 'sp002', 9790.00, 1, 8, 1, 4000.00, 'pasta'),
(383, 'media caña', 'media caña', 11990.00, 1, 8, 1, 4000.00, 'mirabile'),
(384, 'ORGANICO BLANCO', 'ORGANICO BLANCO ', 4290.00, 69, 8, 1, 350.00, 'ELENA'),
(385, 'ORGANICO BLANCO CON ', 'ORGANICO BLANCO CON AR', 9290.00, 77, 8, 1, 1200.00, 'ELENA'),
(386, 'ORGANICO BLUE LIGHT', 'ORGANICO BLUE LIGHT', 10380.00, 53, 8, 1, 1500.00, 'ELENA'),
(387, 'ORGANICO BLUE LIGHT ', 'ORGANICO BLUE LIGHT RANGO EXTENDIDO', 13900.00, 81, 8, 1, 3000.00, 'ELENA'),
(388, 'ORG FOTOGENESIS CON ', 'ORG FOTOGENESIS CON AR', 15300.00, 97, 8, 1, 3000.00, 'ELENA'),
(389, 'POLICARBONATO CON AR', 'POLICARBONATO CON AR', 11325.60, 100, 8, 0, 2600.00, 'ELENA'),
(390, 'ORGANICO LABORATORIO', 'ORGANICO LABORATORIO BCO', 14800.00, 93, 8, 1, 4000.00, 'ELENA'),
(391, '5515', '5515', 20405.00, 1, 8, 1, 7650.00, 'VULK'),
(392, 'ROSA', 'ROSA', 27390.00, 1, 8, 1, 11300.00, 'OPTITECH'),
(393, 'DENALI', 'DENALI', 24860.00, 1, 8, 1, 7500.00, 'GYOR'),
(394, 'NYL47', 'NYL47', 31339.00, 0, 8, 1, 12700.00, 'POLAROID'),
(395, 'NYL16', 'NYL16', 31339.00, 1, 8, 1, 12700.00, 'POLAROID'),
(396, 'NYL14', 'NYL14', 31339.00, 1, 8, 1, 12700.00, 'POLAROID'),
(397, 'NYL52', 'NYL52', 31339.00, 1, 8, 1, 12700.00, 'POLAROID'),
(398, 'OMEGA', 'OMEGA', 31339.00, 1, 8, 1, 12700.00, 'POLAROID'),
(399, 'NYL51', 'NYL51', 31339.00, 1, 8, 1, 12700.00, 'POLAROID'),
(400, '111', '111', 39490.00, 1, 8, 1, 14600.00, 'LAS OREIRO'),
(401, '4535', '4535', 32560.00, 1, 8, 1, 10769.00, 'TASCANI'),
(402, 'OM142', 'OM142', 26860.00, 1, 8, 1, 0.00, ''),
(403, '1640', '1640', 32560.00, 1, 8, 1, 10769.00, 'PIERRE CARDIN'),
(404, '5027', '5027', 32560.00, 1, 8, 1, 10769.00, 'CAROLINA EMANUEL'),
(405, '6183', '6183', 37180.00, 1, 8, 1, 16600.00, 'OSSIRA'),
(406, '7063', '7063', 37180.00, 1, 8, 1, 16600.00, 'OSSIRA'),
(407, '7327', '7327', 37180.00, 1, 8, 1, 16600.00, 'OSSIRA'),
(408, '1646', '1646', 32560.00, 1, 8, 1, 10769.00, 'PIERRE CARDIN'),
(409, '1648', '1648', 32560.00, 1, 8, 1, 10769.00, 'PIERRE CARDIN'),
(410, 'HILL', 'HILL', 25069.00, 2, 8, 1, 8850.00, 'VULK'),
(411, 'FL271', 'FL271', 36080.00, 1, 8, 1, 15700.00, 'FLEUR'),
(412, 'ABRAXAS III', 'ABRAXAS III', 18590.00, 1, 8, 1, 6290.00, 'FAUNO'),
(413, '3522', '3522', 32560.00, 1, 8, 1, 10769.00, 'MUAA'),
(414, 'EVEREST', 'EVEREST', 24860.00, 1, 8, 1, 7500.00, 'GYOR'),
(415, '1662', '1662', 32560.00, 2, 8, 1, 10769.00, 'PIERRE CARDIN'),
(416, 'FECI', 'FECI ', 25069.00, 1, 8, 1, 8850.00, 'VULK'),
(417, '016', '016', 32560.00, 1, 8, 1, 10769.00, 'REEF'),
(418, '4563', '4563', 32560.00, 1, 8, 1, 10769.00, 'TASCANI'),
(419, 'AY161', 'AY161', 28590.00, 2, 8, 1, 0.00, ''),
(420, '5614', '5614', 32560.00, 1, 8, 1, 10769.00, 'CAROLINA EMANUEL'),
(421, '6108', '6108', 39490.00, 1, 8, 0, 14600.00, 'LAS OREIRO'),
(422, '6143', '6143', 32890.00, 1, 8, 1, 12310.00, 'WANAMA'),
(423, '6187', '6187', 37180.00, 1, 8, 1, 16600.00, 'VALERIA MASA'),
(424, '01G', 'O1G', 18590.00, 1, 8, 1, 5900.00, 'GIUDICATTI'),
(425, '7361', '7361', 29150.00, 1, 8, 1, 11500.00, 'WRANGLER'),
(426, 'LIAN', 'LIAN', 26421.56, 1, 8, 1, 7365.00, 'RUSTY'),
(427, 'BETA', 'BETA', 31339.00, 1, 8, 1, 12700.00, 'POLAROID'),
(428, 'AY191', 'AY191', 29282.00, 1, 8, 1, 9990.00, 'AY NOT DEAD'),
(429, '254', '254', 32780.00, 1, 8, 1, 14750.00, 'REEF'),
(430, 'S15', 'S15', 20405.00, 1, 8, 1, 7650.00, 'VULK'),
(431, '2076', '2076', 24860.00, 2, 8, 0, 7500.00, 'GYOR'),
(432, '4536', '4536', 32560.00, 1, 8, 1, 10769.00, 'TASCANI'),
(433, 'D´LIAN', 'D´LIAN', 26421.56, 1, 8, 1, 7365.00, 'RUSTY'),
(434, '5582', '5582', 32560.00, 1, 8, 1, 10769.00, 'CAROLINA EMANUEL'),
(435, '4509', '4509', 32560.00, 1, 8, 1, 10769.00, 'TASCANI'),
(436, 'AY682', 'AY682', 29282.00, 1, 8, 1, 7990.00, 'AY NOT DEAD'),
(437, 'BAIKAL', 'BAIKAL', 24860.00, 1, 8, 1, 7500.00, 'GYOR'),
(438, '322', '322', 24860.00, 1, 8, 1, 7500.00, 'GYOR'),
(439, '2314', '2314', 24623.50, 1, 8, 0, 6300.00, 'SEÑAL'),
(440, '3025 C3', '3025 C3', 24623.50, 2, 8, 0, 6300.00, 'SEÑAL'),
(441, 'AM12', 'AM12', 24623.50, 1, 8, 0, 6300.00, 'SEÑAL'),
(442, '8359', '8359', 24623.50, 1, 8, 0, 6300.00, 'SEÑAL'),
(443, 'M12', 'M12', 24860.00, 1, 8, 1, 8600.00, 'MIRABILE'),
(444, '1058', '1058', 19590.00, 1, 8, 1, 0.00, ''),
(445, '07630', '07630', 18590.00, 0, 8, 1, 5900.00, 'GIUDICATTI'),
(446, '7938', '7938', 24860.00, 0, 8, 1, 7500.00, 'GYOR'),
(447, '7803', '7803', 24860.00, 1, 8, 1, 7500.00, 'GYOR'),
(448, '5525', '5525', 24860.00, 1, 8, 1, 7500.00, 'GYOR'),
(449, '2108', '2108', 24860.00, 0, 8, 1, 7500.00, 'GYOR'),
(450, 'AY639', 'AY639', 22022.00, 1, 8, 1, 5590.00, 'AY NOT DEAD'),
(451, 'AY690', 'AY690', 32912.00, 1, 8, 1, 8990.00, 'AY NOT DEAD'),
(452, 'AY692', 'AY692', 32912.00, 1, 8, 1, 8990.00, 'AY NOT DEAD'),
(453, 'AY679', 'AY679', 29282.00, 1, 8, 1, 7990.00, 'AY NOT DEAD'),
(454, '977', '977', 39490.00, 1, 8, 1, 14600.00, 'LAS OREIRO'),
(455, '2065', '2065', 29600.00, 1, 8, 1, 10769.00, 'PIERRE CRADIN'),
(456, '985', '985', 32890.00, 1, 8, 1, 12340.00, 'PHILIPPE ROSSET'),
(457, 'CI002', 'CI002', 38517.93, 2, 8, 1, 12990.00, 'CIMA'),
(458, 'CI004', 'CI004', 38517.93, 1, 8, 1, 12990.00, 'CIMA'),
(459, 'CI008', 'CI008', 38590.00, 0, 8, 1, 0.00, ''),
(460, 'CI019', 'CI019', 20778.12, 4, 8, 1, 6990.00, 'CIMA'),
(461, 'CI011', 'CI011', 38517.93, 1, 8, 1, 12990.00, 'CIMA'),
(462, 'CI014', 'CI014', 38517.93, 1, 8, 1, 12990.00, 'CIMA'),
(463, 'CI501', 'CI501', 19900.00, 3, 8, 1, 0.00, ''),
(464, '364', '364', 14399.00, 1, 8, 1, 3000.00, 'MONKEY'),
(465, '9023', '9023', 18590.00, 1, 8, 1, 5900.00, 'GIUDICATI'),
(466, '9802', '9802', 18590.00, 1, 8, 1, 5900.00, 'GIUDICATI'),
(467, '9820', '9820', 18590.00, 1, 8, 1, 5900.00, 'GIUDICATTI'),
(468, 'TR026', 'TR026', 18590.00, 0, 8, 1, 5900.00, 'GIUDICATTI'),
(469, '1030', '1030', 18590.00, 1, 8, 1, 5900.00, 'GIUDICATTI'),
(470, 'CI020', 'CI020', 20778.12, 1, 8, 1, 6990.00, 'CIMA'),
(471, '6822', '6822', 24860.00, 1, 8, 1, 7500.00, 'GYOR'),
(472, 'OM131', 'OM131', 24860.00, 2, 8, 1, 7500.00, 'GYOR'),
(473, '5221', '5221', 30790.00, 1, 8, 1, 0.00, ''),
(474, 'MOD.5207', 'MOD.5207', 20790.00, 1, 8, 1, 6000.00, 'REEF'),
(475, 'AY618', 'AY618', 22022.00, 1, 8, 1, 5990.00, 'AY NOT DEAD'),
(476, '362', '362', 14399.00, 1, 8, 1, 3000.00, 'MONKEY'),
(477, '0130', '0130', 24623.50, 1, 8, 0, 6300.00, 'SEÑAL'),
(478, '0109', '0109', 24623.50, 1, 8, 0, 6300.00, 'SEÑAL'),
(479, '603', '603', 28205.10, 1, 8, 1, 12700.00, 'MAX POLAR'),
(480, '332', '332', 28205.10, 1, 8, 1, 12700.00, 'MAX POLAR'),
(481, 'BE AGAIN', 'BE AGAIN', 25069.00, 1, 8, 1, 8850.00, 'VULK'),
(482, 'ANGELO', 'ANGELO', 20405.00, 2, 8, 1, 7650.00, 'VULK'),
(483, 'STREWN', 'STREWN', 25069.00, 1, 8, 1, 8850.00, 'VULK'),
(484, 'AY064', 'AY064', 22022.00, 1, 8, 1, 5990.00, 'AY NOT DEAD'),
(485, '5259', '5259', 20790.00, 1, 8, 1, 6000.00, 'REEF'),
(486, 'RS579', 'RS579', 29600.00, 1, 8, 1, 10769.00, 'SARKANY'),
(487, '1216', '1216', 20350.00, 1, 8, 1, 6300.00, 'LAVANETT'),
(488, '223', '223', 20350.00, 1, 8, 1, 6300.00, 'LAVANETT'),
(489, 'TR011', 'TR011', 16900.00, 1, 8, 1, 5900.00, 'GIUDUCATTI'),
(490, 'CI035', 'CI035', 20778.12, 1, 8, 1, 6990.00, 'CIMA'),
(491, '5100', '5100', 32560.00, 1, 8, 1, 10769.00, 'CAROLINA EMANUEL'),
(492, 'CI018', 'CI018', 20778.12, 1, 8, 1, 6990.00, 'CIMA'),
(493, '1095', '1095', 21890.00, 1, 8, 1, 6700.00, 'AMALFI'),
(494, '5005', '5005', 28205.10, 1, 8, 1, 12700.00, 'MAX POLAR'),
(495, 'AM32', 'AM32', 24623.50, 1, 8, 0, 6300.00, 'SEÑAL'),
(496, 'AM48', 'AM48', 24623.50, 1, 8, 0, 6300.00, 'SEÑAL'),
(497, '4018', '4018', 37840.00, 2, 8, 1, 11980.00, 'TASCANI'),
(498, '4052', '4052', 32560.00, 0, 8, 1, 10769.00, 'TASCANI'),
(499, '9349', '9349', 24623.50, 1, 8, 0, 6300.00, 'SEÑAL'),
(500, 'AM47', 'AM47', 24623.50, 1, 8, 0, 6300.00, 'SEÑAL'),
(501, '2118', '2118', 24860.00, 0, 8, 1, 7500.00, 'GYOR'),
(502, '0127', '0127', 24860.00, 1, 8, 1, 7500.00, 'GYOR'),
(503, '2004', '2004', 18590.00, 0, 8, 1, 5900.00, 'GIUDICATTI'),
(504, '2068', '2068', 32560.00, 1, 8, 1, 10769.00, 'PIERRE CARDIN'),
(505, 'T-1163', 'T-1163', 32560.00, 1, 8, 1, 10769.00, 'CAROLINA EMANUEL'),
(506, 'JOFLO', 'JOFLO', 16900.00, 1, 8, 1, 6290.00, 'FAUNNO'),
(507, 'HOUETTE I', 'HOUETTE I', 18590.00, 1, 8, 1, 6290.00, 'FAUNO'),
(508, '033', '033', 16390.00, 1, 8, 1, 5000.00, 'URBANOS'),
(509, '034', '034', 16390.00, 1, 8, 1, 5000.00, 'URBANOS'),
(510, '3024', '3024', 24623.50, 1, 8, 0, 6300.00, 'SEÑAL'),
(511, '19219', '19219', 18590.00, 0, 8, 1, 5900.00, 'GIUDICATTI'),
(512, '1016', '1016', 18590.00, 2, 8, 1, 5900.00, 'GIUDICATTI'),
(513, 'MG576', 'MG576', 14399.00, 1, 8, 1, 3000.00, 'MONKEY'),
(514, '8878', '8878', 16900.00, 0, 8, 1, 4000.00, 'GIUDICATTI'),
(515, 'SIANA', 'SIANA', 26421.56, 2, 8, 1, 7365.00, 'RUSTY'),
(516, '388', 'vulk', 20405.00, 0, 8, 1, 7650.00, 'vulk'),
(517, '3509', '3509', 32560.00, 1, 8, 1, 10769.00, 'MUAA'),
(518, 'LATM004', 'LATM004', 28490.00, 1, 8, 1, 7000.00, 'LAVANETT'),
(519, '6084', '6084', 17490.00, 1, 8, 1, 5000.00, 'VLON'),
(520, '174.R', '174.R', 15900.00, 1, 8, 1, 5000.00, 'PI'),
(521, '2109', '2109', 15900.00, 1, 8, 1, 5000.00, 'EMMA'),
(522, '3111', '3111', 17490.00, 1, 8, 1, 5000.00, 'VLON'),
(523, '1115', '1115', 12900.00, 2, 8, 1, 4000.00, 'METAL'),
(524, '273', '273', 32560.00, 1, 8, 1, 10769.00, 'REEF'),
(525, 'MULTI VARILUX CONFOR', 'MULTI VARILUX CONFORT CON AR CRIZAL', 164112.00, 96, 8, 1, 55000.00, 'ELENA'),
(526, 'ORG FOTOGENESIS CON ', 'ORG FOTOGENESIS CON AR', 15.25, 100, 8, 0, 4000.00, 'ELENA'),
(527, 'POLICARBONATO BCO', 'POLICARBONATO BCO', 9801.00, 100, 8, 1, 3000.00, 'ELENA'),
(528, 'POLICARBONATO', 'ASFERICO CON AR', 59000.00, 100, 8, 1, 20000.00, 'ELENA'),
(529, 'POLI ASFERICO', 'POLI ASFERICO', 47560.00, 198, 8, 1, 20000.00, 'ELENA'),
(530, 'BIFOCAL ORG BCO', 'BIFOCAL ORG BCO', 16300.00, 97, 8, 1, 0.00, ''),
(531, 'BIFOCAL CON AR', 'BIFOCAL CON AR', 37770.00, 197, 8, 1, 10000.00, 'ELENA'),
(532, 'BIFOCAL FOTOCROMATIC', 'BIFOCAL FOTOCROMATICO', 45000.00, 98, 8, 1, 0.00, ''),
(533, 'BIFOCAL FOTOCROMATIC', 'BIFOCAL FOTOCROMATICO CON AR', 52900.00, 99, 8, 1, 0.00, ''),
(534, 'MULTI POLARYS BCO', 'MULTI POLARYS BCO', 46827.00, 100, 8, 1, 3000.00, 'ELENA'),
(535, 'MULTI POLARYS CON AR', 'MULTI POLARYS CON AR', 76000.00, 98, 8, 1, 30000.00, 'ELENA'),
(536, 'MULTI POLARYS FOTOCR', 'MULTI POLARYS FOTOCROMATICO BLANCO', 64142.10, 100, 8, 1, 5000.00, 'ELENA'),
(537, 'MULTI VARILUX CONFOR', 'MULTI VARILUX CONFORT FOTOCR BCO', 154638.00, 100, 8, 1, 3000.00, 'ELENA'),
(538, 'MULTI VARILUX CONFOR', 'MULTI VARILUX CONFORT FOTOCR CON AR CRIZAL', 179685.00, 99, 8, 0, 10000.00, 'ELENA '),
(539, 'MULTI VARILUX PHYSIO', 'MULTI VARILUX PHYSIO BCO', 155182.50, 100, 8, 1, 52000.00, 'ELENA'),
(540, 'MULTI VARILUX PHYSIO', 'MULTI VARILUX PHYSIO FOTOCR BCO', 179685.00, 100, 8, 1, 10000.00, 'ELENA'),
(541, 'MULTI VARILUX PHYSIO', 'MULTI VARILUX PHYSIO FOTOCR CON AR CRIZAL', 221611.00, 100, 8, 1, 55000.00, 'ELENA'),
(542, 'MULTI VARILUX CONFOR', 'MULTI VARILUX CONFORT BCO', 122512.50, 100, 8, 1, 45000.00, 'ELENA'),
(543, 'CI036', 'CI036', 20778.12, 1, 8, 1, 6990.00, 'CIMA'),
(544, 'STILYS DE LAB MULTIF', 'STILYS DE LAB MULTIFACETADO', 83733.21, 100, 8, 1, 15000.00, 'ELENA'),
(545, 'STILYS DE LAB MULTIF', 'STILYS DE LAB MULTIFACETADO CON AR', 87011.10, 100, 8, 1, 20000.00, 'ELENA'),
(546, '44', 'FLEX NIÑO', 32648.22, 1, 8, 1, 10769.00, 'GARFIELD'),
(547, '22', 'FLEX NIÑO', 32648.22, 1, 8, 1, 10769.00, 'GARFIELD'),
(548, '43', 'FLEX NIÑO', 32648.22, 0, 8, 1, 10769.00, 'GARFIELD'),
(549, '33', 'FLEX NIÑO', 32640.00, 1, 8, 1, 0.00, ''),
(550, '34', 'FLEX NIÑO', 32648.22, 1, 8, 1, 10769.00, 'GARFIELD'),
(551, '2097', '2097', 43978.00, 2, 8, 1, 13915.00, 'PIERRE CARDIN'),
(552, '2108 S', '2108 S', 43980.00, 2, 8, 1, 0.00, ''),
(553, '2120', '2120', 43978.00, 2, 8, 1, 13915.00, 'PIERRE CARDIN'),
(554, '2115', '2115', 37840.00, 1, 8, 1, 11980.00, 'PIERRE CARDIN'),
(555, '2096', '2096', 43978.00, 2, 8, 1, 13915.00, 'PIERRE CARDIN'),
(556, '2107', '2107', 37840.00, 1, 8, 1, 11980.00, 'PIERRE CARDIN'),
(557, '5145', '5145', 37840.00, 3, 8, 1, 11980.00, 'CAROLINA EMANUEL'),
(558, '2069', '2069', 37840.00, 1, 8, 1, 11980.00, 'PIERRE CARDIN'),
(559, '5092', '5092', 37840.00, 1, 8, 1, 11980.00, 'CAROLINA EMANUEL'),
(560, '5131', '5131', 37840.00, 1, 8, 1, 11980.00, 'CAROLINA EMANUEL'),
(561, '4070', '4070', 37840.00, 2, 8, 1, 11980.00, 'TASCANI'),
(562, '4083', '4083', 37840.00, 1, 8, 1, 11980.00, 'TASCANI'),
(563, '4588', 'CLIPON', 43978.00, 1, 8, 1, 13915.00, 'TASCANI'),
(564, 'MAGIC 188', 'CLIPON', 32234.40, 1, 8, 1, 13500.00, 'MAX POLAR '),
(565, 'MAGIC 171', 'CLIPON', 32234.40, 1, 8, 1, 13500.00, 'MAX POLAR '),
(566, 'LT018', 'CLIPON', 25900.00, 1, 8, 1, 10000.00, 'LAVANEET'),
(567, 'LT006', 'CLIPON', 28490.00, 1, 8, 1, 10000.00, 'LAVANETT'),
(568, '3061', '3061', 32978.00, 1, 8, 1, 10769.00, 'muaa'),
(569, 'MAGIC 198', 'CLIPON', 37026.00, 1, 8, 1, 13000.00, 'MAX POLAR'),
(570, 'MAGIC 44', 'CLIPON', 32234.40, 1, 8, 1, 13500.00, 'MAX POLAR '),
(571, 'MAGIC150', 'CLIPON', 37026.00, 1, 8, 1, 13500.00, 'MAX POLAR '),
(572, 'CI519', 'CLIPON', 33323.40, 2, 8, 1, 13500.00, 'CIMA'),
(573, '5598', 'CLIPON', 37400.00, 1, 8, 1, 13000.00, 'CAROLINA EMANUEL'),
(574, 'MAGIC 184', 'CLIPON', 39000.00, 1, 8, 1, 13000.00, 'MAX POLAR'),
(575, 'MAGIC 80', 'CLIPON', 37026.00, 1, 8, 1, 13000.00, 'MAX POLAR'),
(576, 'OCUPACIONAL CON AR C', 'OCUPACIONAL CON AR CRIZAL', 61500.00, 198, 1, 1, 20000.00, 'ELENA'),
(577, 'NETAGLIO', 'NETAGLIO', 20405.00, 1, 8, 1, 7650.00, 'VULK'),
(578, 'MULTY VARILUX PHYSIO', 'MULTY VARILUX PHYSIO CON AR CRIZAL', 206637.00, 100, 8, 1, 55000.00, 'ELENA'),
(579, '1099', '1099', 21890.00, 0, 8, 1, 6700.00, 'AMALFI'),
(580, 'ORG LAB CON AR', 'ORG LAB CON AR', 36900.00, 98, 8, 1, 10000.00, 'ELENA'),
(581, '3635', '3635', 32900.00, 1, 8, 1, 10000.00, 'GYOR'),
(582, 'ARMAZON', 'ARMAZON PROPIO', 1.00, 100, 8, 1, 1.00, 'PROPIO'),
(583, 'ARREGLOS', 'ARREGLOS', 1000.00, 99, 8, 1, 200.00, 'ARREGLOS'),
(584, 'SEÑAL', 'SEÑAL', 26000.00, 29, 8, 1, 6500.00, 'SEÑAL'),
(585, '314', '314', 32900.00, 1, 0, 1, 10000.00, 'GYOR'),
(586, '8022', '8022', 32900.00, 1, 8, 1, 10000.00, 'GYOR'),
(587, '11722', '11722', 32900.00, 1, 8, 1, 10000.00, 'GYOR'),
(588, 'LS033', 'LS033', 37900.00, 1, 8, 1, 15000.00, 'GYOR'),
(589, '0192', '0192', 32900.00, 1, 8, 1, 10000.00, 'GYOR'),
(590, 'MIA 4', 'MIA 4', 32900.00, 0, 8, 1, 10000.00, 'GYOR'),
(591, '2182', '2182', 32900.00, 2, 8, 1, 10000.00, 'GYOR'),
(592, '9806', '9806', 32900.00, 1, 8, 1, 10000.00, 'GYOR'),
(593, 'MH-20', 'MH-20', 32900.00, 1, 8, 1, 10000.00, 'GYOR'),
(594, '61109', '61109', 32900.00, 2, 8, 1, 10000.00, 'gyor'),
(595, '94901', '94901', 32900.00, 1, 8, 1, 10000.00, 'GYOR'),
(596, '1091', '1091', 26000.00, 0, 8, 1, 5000.00, 'AMALFI'),
(597, 'AY635', 'AY635', 29282.00, 1, 8, 1, 9000.00, 'AY NOT DEAD'),
(598, '1006', '1006', 32890.00, 1, 8, 1, 12340.00, 'PHILLIPPE ROSSET'),
(599, '019', '019', 32560.00, 1, 8, 1, 10769.00, 'CAROLINA EMANUEL'),
(600, 'NYION-006', 'NYION-006', 18690.00, 1, 8, 1, 6000.00, 'INDUSTRIA ARGENTINA'),
(601, 'GARFIELD 17', 'GARFIELD 17', 18491.00, 1, 8, 1, 5000.00, 'GARFIELD'),
(602, 'FOTOCROMATICO CRIZAL', 'FOTOCROMATICO CRIZAL', 45250.00, 100, 8, 1, 20000.00, 'ELENA'),
(603, 'CRIZAL STOCK', 'CRIZAL STOCK', 37000.00, 99, 8, 1, 4000.00, 'ELENA'),
(604, 'FL259', 'FL259', 49800.00, 0, 8, 1, 19900.00, 'FLEUR'),
(605, 'FL266', 'FL266', 49800.00, 1, 8, 1, 19900.00, 'FLEUR'),
(606, 'FL258', 'FL258', 49800.00, 2, 8, 1, 19900.00, 'FLEUR'),
(607, 'FL254', 'FL254', 49800.00, 1, 8, 1, 19900.00, 'FLEUR'),
(608, 'FL267', 'FL267', 49800.00, 1, 8, 1, 19900.00, 'FLEUR'),
(609, 'FL253', 'FL253', 49800.00, 1, 8, 1, 19900.00, 'FLEUR'),
(610, 'FL260', 'FL260', 49800.00, 1, 8, 1, 19900.00, 'FLEUR'),
(611, 'FL263', 'FL263', 56400.00, 2, 8, 1, 22000.00, 'FLEUR CLIPON'),
(612, 'FL265', 'FL265', 56400.00, 1, 8, 1, 22000.00, 'FLEUR CLIPON'),
(613, 'DN1023', 'DN1023', 34900.00, 0, 8, 1, 13700.00, 'DUNORD'),
(614, 'DN1020', 'DN1020', 34900.00, 1, 8, 1, 13700.00, 'DUNORD'),
(615, 'DN1017', 'DN1017', 34900.00, 1, 8, 1, 13700.00, 'DUNORD'),
(616, '5969', '5969', 23900.00, 1, 8, 1, 7900.00, 'SEÑAL '),
(617, '9750', '9750', 23900.00, 1, 8, 1, 7900.00, 'SEÑAL'),
(618, '82006', '82006', 25900.00, 2, 8, 1, 0.00, ''),
(619, '82002', '82002', 23900.00, 2, 8, 1, 7900.00, 'SEÑAL'),
(620, '9751', '9751', 23900.00, 1, 8, 1, 7900.00, 'SEÑAL'),
(621, '95969', '95969', 26000.00, 1, 8, 1, 11000.00, 'SEÑAL'),
(622, '82051', '82051', 26000.00, 0, 8, 1, 11000.00, 'SEÑAL'),
(623, '93613', '93613', 23900.00, 1, 8, 1, 7900.00, 'SEÑAL'),
(624, '95859', '95859', 23900.00, 1, 8, 1, 7900.00, 'SEÑAL'),
(625, '93703', '93703', 23900.00, 2, 8, 1, 7900.00, 'SEÑAL'),
(626, 'AM74', 'AM74', 23900.00, 1, 8, 1, 7900.00, 'SEÑAL'),
(627, '93702', '93702', 23900.00, 1, 8, 1, 7900.00, 'SEÑAL'),
(628, 'OP561', 'OP561', 45900.00, 2, 8, 1, 15000.00, 'OPTITECH'),
(629, 'OP415', 'OP415', 45900.00, 2, 8, 1, 15000.00, 'OPTITECH'),
(630, 'K070', 'K070', 32220.00, 1, 8, 1, 12000.00, 'OPTITECH'),
(631, 'K063', 'K063', 32220.00, 1, 8, 1, 12000.00, 'OPTITECH'),
(632, 'OP251', 'OP251', 45300.00, 1, 8, 1, 15000.00, 'OPTITECH'),
(633, 'OP584', 'OP584', 32220.00, 1, 8, 1, 12000.00, 'OPTITECH'),
(634, 'OP582', 'OP582', 32220.00, 1, 8, 1, 12000.00, 'OPTITECH'),
(635, 'ESTYLIS MULTIFACETAD', 'ESTYLIS MULTIFACETADO', 99000.00, 100, 8, 1, 50000.00, 'ELENA'),
(636, 'ORGANICO FOTOGENESIS', 'ORGANICO FOTOGENESIS DE LAB', 39930.00, 100, 8, 1, 15000.00, 'ELENA'),
(637, 'ORG FOTOGENESIS DE L', 'ORG FOTOGENESIS DE LAB CON AR', 59900.00, 100, 8, 1, 20000.00, 'ELENA'),
(638, '6955', '6955', 37800.00, 3, 8, 1, 15500.00, 'WANAMA'),
(639, '6066', '6066', 37800.00, 2, 8, 1, 15500.00, 'PR DESING'),
(640, '7309', '7309', 46300.00, 1, 8, 1, 19300.00, 'PHILLIPE ROSSET'),
(641, '3893', '3893', 46700.00, 1, 8, 1, 16500.00, 'WANAMA'),
(642, '1029', '1029', 46700.00, 1, 8, 1, 16500.00, 'PHILLIPE ROSSET'),
(643, '8183', '8183', 35400.00, 1, 8, 1, 15000.00, 'clipon vlon'),
(644, '2518', '2518', 35930.00, 2, 8, 1, 12900.00, 'VIP'),
(645, '703', '703', 35930.00, 1, 8, 1, 12900.00, 'VIV'),
(646, '661', '661', 35930.00, 1, 8, 1, 12900.00, 'VIP'),
(647, '701', '701', 35930.00, 0, 8, 1, 12900.00, 'VIP'),
(648, '2555', '2555', 35930.00, 0, 8, 1, 12900.00, 'VIP'),
(649, '2330', '2330', 35930.00, 0, 8, 1, 12900.00, 'VIP'),
(650, '2561', '2561', 35930.00, 1, 8, 1, 12900.00, 'VIP'),
(651, '643', '643', 35930.00, 1, 8, 1, 12900.00, 'VIP'),
(652, '2458', '2458', 28750.00, 2, 8, 1, 12980.00, 'VIP'),
(653, '2510', '2510', 28750.00, 2, 8, 1, 12980.00, 'VIP'),
(654, '2543', '2543', 33390.00, 1, 8, 1, 14900.00, 'VIP'),
(655, '691', '691', 28750.00, 1, 8, 1, 12980.00, 'VIP'),
(656, '1/2 ORG BCO', '1/2 ORG BCO', 2145.00, 100, 8, 1, 750.00, 'ELENA'),
(657, '1/2 ORG BCO LAB', '1/2 ORG BCO LAB', 7400.00, 100, 8, 1, 1500.00, 'ELENA'),
(658, '1/2 ORG BLUE LIGHT', '1/2 ORG BLUE LIGHT', 5190.00, 100, 8, 1, 2000.00, 'ELENA'),
(659, '1/2 ORG BLUE RANGO E', '1/2 ORG BLUE RANGO EXTENDIDO', 6950.00, 100, 8, 1, 2000.00, 'ELENA'),
(660, 'POLI MULTI', 'POLI MULTI ', 184000.00, 99, 8, 1, 50000.00, 'ELENA'),
(661, 'ci017', 'ci017', 25000.00, 1, 8, 1, 10000.00, 'CIMA');

-- --------------------------------------------------------

--
-- Estructura de tabla para la tabla `saldos`
--

CREATE TABLE `saldos` (
  `id` int(10) NOT NULL,
  `ingresos` decimal(10,2) NOT NULL,
  `egresos` decimal(10,2) NOT NULL,
  `saldo` decimal(10,2) NOT NULL,
  `fecha` date NOT NULL
) ENGINE=InnoDB DEFAULT CHARSET=utf8mb4 COLLATE=utf8mb4_general_ci;

-- --------------------------------------------------------

--
-- Estructura de tabla para la tabla `usuario`
--

CREATE TABLE `usuario` (
  `idusuario` int(11) NOT NULL,
  `nombre` varchar(100) NOT NULL,
  `correo` varchar(100) NOT NULL,
  `usuario` varchar(20) NOT NULL,
  `clave` varchar(50) NOT NULL,
  `estado` int(11) NOT NULL DEFAULT 1
) ENGINE=InnoDB DEFAULT CHARSET=utf8 COLLATE=utf8_spanish_ci;

--
-- Volcado de datos para la tabla `usuario`
--

INSERT INTO `usuario` (`idusuario`, `nombre`, `correo`, `usuario`, `clave`, `estado`) VALUES
(1, 'Nati', 'nati.cavaglia@gmail.com', 'nati', 'fd288c560337ac3a8b94510458ee5e0b', 1),
(8, 'Sol', 'm@m.com', 'sol', 'a0c43e29286376d6b23be6479048280a', 1),
(10, 'admin', 'admin@ad.com', 'admin', 'fd99a3913bbcc182c19c8824c27b0edd', 1),
(11, 'tute', 'as@a.com', 'mati', 'a53628ec64a97c8626aae68f8d492c89', 1);

-- --------------------------------------------------------

--
-- Estructura de tabla para la tabla `ventas`
--

CREATE TABLE `ventas` (
  `id` int(11) NOT NULL,
  `id_cliente` int(11) NOT NULL,
  `total` decimal(10,2) NOT NULL,
  `id_usuario` int(11) NOT NULL,
  `fecha` date NOT NULL,
  `abona` decimal(10,2) NOT NULL,
  `resto` decimal(10,2) NOT NULL,
  `obrasocial` decimal(10,2) NOT NULL,
  `id_metodo` int(1) NOT NULL
) ENGINE=InnoDB DEFAULT CHARSET=utf8mb4 COLLATE=utf8mb4_general_ci;

--
-- Volcado de datos para la tabla `ventas`
--

INSERT INTO `ventas` (`id`, `id_cliente`, `total`, `id_usuario`, `fecha`, `abona`, `resto`, `obrasocial`, `id_metodo`) VALUES
(476, 7, 16800.00, 1, '2023-01-27', 10000.00, 6800.00, 0.00, 1),
(477, 8, 49700.00, 8, '2023-02-23', 15000.00, 34700.00, 0.00, 1),
(480, 10, 15700.00, 8, '2023-03-02', 6000.00, 9700.00, 0.00, 1),
(481, 9, 31500.00, 8, '2023-03-03', 3000.00, 28500.00, 0.00, 1),
(483, 12, 22800.00, 8, '2023-03-03', 1500.00, 21300.00, 0.00, 1),
(484, 11, 18700.00, 8, '2023-03-03', 18700.00, 0.00, 0.00, 1),
(485, 13, 23800.00, 8, '2023-03-04', 10000.00, 13800.00, 0.00, 1),
(487, 14, 20600.00, 8, '2023-03-06', 2000.00, 18600.00, 0.00, 1),
(488, 15, 26800.00, 8, '2023-03-07', 7000.00, 19800.00, 0.00, 1),
(489, 16, 25700.00, 8, '2023-03-08', 1000.00, 24700.00, 0.00, 1),
(491, 17, 31800.00, 8, '2023-03-08', 2000.00, 29800.00, 0.00, 1),
(492, 18, 22800.00, 8, '2023-03-08', 1500.00, 21300.00, 0.00, 1),
(493, 10, 9600.00, 8, '2023-03-08', 4000.00, 5600.00, 0.00, 1),
(497, 19, 17700.00, 8, '2023-03-09', 9600.00, 8100.00, 0.00, 1),
(498, 20, 9600.00, 8, '2023-03-09', 9600.00, 0.00, 0.00, 1),
(499, 21, 27400.00, 8, '2023-03-09', 5000.00, 22400.00, 0.00, 1),
(501, 22, 144600.00, 8, '2023-03-10', 144600.00, -3000.00, 3000.00, 1),
(502, 23, 34500.00, 8, '2023-03-13', 1.00, 34499.00, 0.00, 1),
(503, 24, 9600.00, 8, '2023-03-14', 4800.00, 4800.00, 0.00, 1),
(504, 25, 22700.00, 8, '2023-03-14', 5000.00, 17700.00, 0.00, 1),
(505, 27, 9600.00, 8, '2023-03-15', 4100.00, 5500.00, 0.00, 1),
(506, 28, 28800.00, 8, '2023-03-17', 5000.00, 23800.00, 0.00, 1),
(508, 29, 26800.00, 8, '2023-03-18', 4800.00, 22000.00, 0.00, 1),
(509, 30, 25700.00, 8, '2023-03-18', 1500.00, 24200.00, 0.00, 1),
(510, 31, 23800.00, 8, '2023-03-18', 1500.00, 22300.00, 0.00, 1),
(511, 32, 31500.00, 8, '2023-03-20', 5000.00, 26500.00, 0.00, 1),
(512, 33, 34500.00, 8, '2023-03-20', 7000.00, 27500.00, 0.00, 1),
(513, 34, 70600.00, 1, '2023-03-21', 70600.00, 0.00, 0.00, 1),
(515, 36, 30500.00, 8, '2023-03-22', 5000.00, 25500.00, 0.00, 1),
(517, 37, 37880.00, 8, '2023-03-23', 1.00, 37879.00, 0.00, 1),
(518, 38, 31500.00, 8, '2023-03-23', 22000.00, 9500.00, 0.00, 1),
(519, 39, 8900.00, 8, '2023-03-23', 1.00, 8899.00, 0.00, 1),
(520, 41, 14900.00, 8, '2023-03-23', 14900.00, 0.00, 0.00, 1),
(521, 42, 35700.00, 8, '2023-03-23', 10200.00, 25500.00, 0.00, 1),
(523, 43, 24700.00, 8, '2023-03-23', 10000.00, 14700.00, 0.00, 1),
(524, 44, 68317.20, 1, '2023-03-27', 4000.00, 57717.20, 6600.00, 1),
(526, 45, 33760.00, 8, '2023-03-27', 2000.00, 31760.00, 0.00, 2),
(527, 46, 5800.00, 8, '2023-03-27', 5800.00, 0.00, 0.00, 1),
(529, 47, 28250.00, 8, '2023-03-27', 28250.00, 0.00, 0.00, 2),
(530, 40, 11000.00, 8, '2023-03-27', 11000.00, 0.00, 0.00, 1),
(534, 40, 25641.00, 8, '2023-03-28', 25641.00, 0.00, 0.00, 3),
(536, 48, 35638.58, 8, '2023-03-29', 35638.58, 0.00, 0.00, 1),
(537, 49, 3800.00, 8, '2023-03-29', 3800.00, 0.00, 0.00, 1),
(538, 40, 18876.00, 8, '2023-03-29', 18876.00, 0.00, 0.00, 1),
(539, 50, 38182.00, 8, '2023-03-29', 2000.00, 36182.00, 0.00, 1),
(540, 40, 25071.20, 8, '2023-03-31', 25071.00, 0.20, 0.00, 1),
(541, 51, 35638.58, 8, '2023-04-01', 35638.58, 0.00, 0.00, 1),
(542, 53, 45378.72, 8, '2023-04-03', 45378.72, 0.00, 0.00, 1),
(543, 52, 26681.00, 8, '2023-04-03', 26681.00, 0.00, 0.00, 1),
(549, 55, 9700.00, 8, '2023-04-03', 9700.00, 0.00, 0.00, 1),
(550, 54, 25884.00, 8, '2023-04-03', 9700.00, 16184.00, 0.00, 1),
(552, 56, 9700.00, 8, '2023-04-04', 9700.00, 0.00, 0.00, 1),
(553, 57, 27382.00, 8, '2023-04-04', 27382.00, 0.00, 0.00, 1),
(555, 58, 58800.00, 8, '2023-04-04', 58800.00, 0.00, 0.00, 1),
(556, 40, 23595.00, 8, '2023-04-04', 23595.00, 0.00, 0.00, 2),
(557, 49, 9700.00, 8, '2023-04-05', -3.00, 9703.00, 0.00, 1),
(558, 59, 3900.00, 8, '2023-04-05', 3900.00, 0.00, 0.00, 1),
(559, 61, 30460.00, 8, '2023-04-05', 27160.00, 0.00, 3300.00, 1),
(560, 60, 2900.00, 8, '2023-04-05', 1000.00, -100.00, 2000.00, 1),
(561, 40, 19250.00, 8, '2023-04-05', 19250.00, 0.00, 0.00, 3),
(562, 62, 18304.00, 8, '2023-04-06', 18304.00, 0.00, 0.00, 1),
(563, 63, 8536.00, 8, '2023-04-06', 8536.00, 0.00, 0.00, 1),
(564, 40, 17512.00, 8, '2023-04-08', 17512.00, 0.00, 0.00, 1),
(565, 64, 19845.76, 8, '2023-04-08', 19845.76, 0.00, 0.00, 1),
(566, 40, 17696.25, 8, '2023-04-11', 17696.25, 0.00, 0.00, 1),
(568, 40, 6380.00, 8, '2023-04-11', 6380.00, 0.00, 0.00, 3),
(569, 68, 49759.60, 8, '2023-04-11', 12000.00, 37759.60, 0.00, 1),
(571, 67, 32060.16, 8, '2023-04-11', 5000.00, 27060.16, 0.00, 1),
(572, 70, 27126.00, 8, '2023-04-12', 27126.00, 0.00, 0.00, 1),
(573, 1, 32560.00, 8, '2023-04-12', 32560.00, 0.00, 0.00, 2),
(574, 71, 20680.00, 8, '2023-04-12', 20680.00, 0.00, 0.00, 2),
(575, 66, 55000.00, 8, '2023-04-12', 55000.00, 0.00, 0.00, 2),
(576, 65, 14652.00, 8, '2023-04-13', 6000.00, 8652.00, 0.00, 1),
(577, 72, 149714.40, 8, '2023-04-13', 50000.00, 99714.40, 0.00, 1),
(578, 73, 6380.00, 8, '2023-04-13', 6380.00, 0.00, 0.00, 1),
(579, 74, 28380.00, 8, '2023-04-13', 28380.00, 0.00, 0.00, 2),
(580, 40, 14900.00, 8, '2023-04-14', 14900.00, 0.00, 0.00, 2),
(581, 75, 19752.00, 8, '2023-04-14', 4000.00, 15752.00, 0.00, 1),
(583, 76, 9790.00, 8, '2023-04-14', 5000.00, 4790.00, 0.00, 1),
(584, 77, 6380.00, 8, '2023-04-14', 1.00, 6379.00, 0.00, 1),
(585, 78, 24965.44, 8, '2023-04-15', 9000.00, 15965.44, 0.00, 1),
(588, 80, 10670.00, 8, '2023-04-17', 5900.00, 4770.00, 0.00, 1),
(590, 81, 24569.60, 8, '2023-04-17', 4000.00, 20569.60, 0.00, 1),
(591, 82, 21780.00, 8, '2023-04-17', 21780.00, 0.00, 0.00, 1),
(592, 79, 27720.00, 8, '2023-04-17', 4000.00, 23720.00, 0.00, 1),
(594, 83, 23590.00, 8, '2023-04-17', 1000.00, 22590.00, 0.00, 2),
(595, 84, 42438.22, 8, '2023-04-17', 42438.22, 0.00, 0.00, 2),
(596, 85, 10670.00, 8, '2023-04-18', 3900.00, 6770.00, 0.00, 1),
(597, 86, 17161.10, 8, '2023-04-18', 7900.00, 9261.10, 0.00, 1),
(598, 87, 26180.00, 8, '2023-04-18', 26180.00, 0.00, 0.00, 1),
(599, 88, 10670.00, 8, '2023-04-18', 10670.00, 0.00, 0.00, 1),
(600, 40, 27060.00, 8, '2023-04-19', 60.00, 27000.00, 0.00, 1),
(602, 89, 28941.10, 8, '2023-04-20', 1.00, 28940.10, 6700.00, 1),
(603, 90, 19752.00, 8, '2023-04-20', 19752.00, 0.00, 0.00, 1),
(604, 91, 25080.00, 8, '2023-04-21', 4000.00, 21080.00, 3300.00, 1),
(605, 92, 23680.24, 8, '2023-04-21', 10000.00, 13680.24, 0.00, 1),
(606, 93, 4290.00, 8, '2023-04-24', 4290.00, 0.00, 0.00, 1),
(607, 66, 43000.00, 8, '2023-04-24', 43000.00, 0.00, 0.00, 2),
(608, 94, 27720.00, 8, '2023-04-24', 9000.00, 18720.00, 0.00, 1),
(609, 95, 9790.00, 8, '2023-04-25', 1.00, 9789.00, 0.00, 1),
(610, 40, 36080.00, 8, '2023-04-25', 36080.00, 0.00, 0.00, 2),
(611, 96, 10781.10, 8, '2023-04-25', 10781.00, 0.10, 0.00, 1),
(612, 97, 33550.00, 8, '2023-04-25', 4000.00, 29550.00, 0.00, 1),
(613, 98, 23849.10, 8, '2023-04-26', 11924.00, 11925.10, 3300.00, 3),
(614, 99, 43280.00, 8, '2023-04-27', 5000.00, 38280.00, 0.00, 1),
(616, 100, 137914.40, 8, '2023-04-27', 38000.00, 99914.40, 5000.00, 1),
(618, 102, 48220.00, 8, '2023-04-28', 20.00, 48200.00, 0.00, 1),
(619, 103, 38280.00, 8, '2023-04-28', 1.00, 38279.00, 5000.00, 1),
(620, 101, 186540.00, 8, '2023-04-29', 60000.00, 126540.00, 0.00, 1),
(621, 104, 10940.00, 8, '2023-05-02', 2000.00, 8940.00, 5340.00, 1),
(622, 105, 19023.00, 8, '2023-05-02', 19023.00, 0.00, 3300.00, 1),
(623, 107, 32326.00, 8, '2023-05-03', 5000.00, 27326.00, 0.00, 1),
(624, 108, 34890.00, 8, '2023-05-03', 34890.00, 0.00, 0.00, 1),
(625, 109, 207383.00, 8, '2023-05-04', 207383.00, 0.00, 0.00, 1),
(627, 110, 7140.00, 8, '2023-05-04', 10.00, 7130.00, 10670.00, 1),
(628, 111, 10380.00, 1, '2023-05-05', 1.00, 10379.00, 0.00, 1),
(629, 40, 24400.00, 1, '2023-05-05', 24400.00, 0.00, 0.00, 2),
(630, 112, 670.00, 8, '2023-05-05', 670.00, 0.00, 10000.00, 1),
(631, 113, 33780.00, 8, '2023-05-05', 33780.00, 0.00, 0.00, 1),
(632, 114, 158983.00, 8, '2023-05-05', 3.00, 158980.00, 0.00, 1),
(633, 115, 23480.00, 8, '2023-05-06', 23480.00, 0.00, 0.00, 1),
(634, 40, 11000.00, 1, '2023-05-08', 11000.00, 0.00, 0.00, 1),
(636, 116, 22152.00, 8, '2023-05-08', 22152.00, 0.00, 6800.00, 1),
(637, 117, 28970.00, 8, '2023-05-08', 28970.00, 0.00, 0.00, 1),
(639, 119, 13736.00, 8, '2023-05-09', 13736.00, 0.00, 0.00, 1),
(641, 121, 13140.00, 8, '2023-05-10', 13140.00, 0.00, 12540.00, 1),
(642, 122, 28970.00, 8, '2023-05-10', 28970.00, 0.00, 3300.00, 1),
(643, 123, 37104.00, 8, '2023-05-10', 37104.00, 0.00, 0.00, 1),
(644, 124, 28635.00, 8, '2023-05-10', 28635.00, 0.00, 0.00, 1),
(645, 125, 36224.00, 8, '2023-05-11', 36224.00, 0.00, 0.00, 1),
(646, 126, 38596.00, 8, '2023-05-11', 38596.00, 0.00, 0.00, 1),
(647, 127, 1010.00, 1, '2023-05-12', 1010.00, 0.00, 3280.00, 1),
(648, 128, 36280.00, 1, '2023-05-12', 1.00, 36279.00, 0.00, 1),
(649, 129, 45066.00, 8, '2023-05-12', 45066.00, 0.00, 0.00, 1),
(650, 120, 14190.00, 1, '2023-05-12', 8000.00, 6190.00, 0.00, 1),
(651, 130, 25371.00, 8, '2023-05-12', 25371.00, 0.00, 0.00, 1),
(652, 131, 44930.00, 8, '2023-05-13', 44930.00, 0.00, 4040.00, 1),
(653, 132, 46548.22, 8, '2023-05-13', 46548.22, 0.00, 0.00, 2),
(654, 134, 13900.00, 1, '2023-05-15', 1.00, 13899.00, 0.00, 1),
(655, 135, 36380.00, 8, '2023-05-15', 36380.00, 0.00, 0.00, 1),
(656, 40, 22780.00, 8, '2023-05-15', 22780.00, 0.00, 0.00, 1),
(657, 136, 35380.00, 8, '2023-05-16', 35380.00, 0.00, 0.00, 2),
(658, 137, 46320.00, 1, '2023-05-17', 25000.00, 21320.00, 0.00, 1),
(659, 138, 5330.00, 8, '2023-05-17', 5330.00, 0.00, 5340.00, 1),
(660, 40, 17900.00, 8, '2023-05-17', 13900.00, 4000.00, 0.00, 1),
(661, 139, 25280.00, 8, '2023-05-17', 25280.00, 0.00, 0.00, 3),
(662, 140, 36380.00, 8, '2023-05-17', 36380.00, 0.00, 0.00, 3),
(663, 133, 23960.00, 8, '2023-05-18', 23960.00, 0.00, 0.00, 2),
(664, 40, 18480.00, 8, '2023-05-18', 18480.00, 0.00, 0.00, 1),
(665, 1, 24400.00, 8, '2023-05-18', 24400.00, 0.00, 0.00, 2),
(666, 40, 6380.00, 8, '2023-05-20', 6380.00, 0.00, 0.00, 3),
(667, 142, 65220.50, 8, '2023-05-20', 50000.00, 15220.50, 0.00, 1),
(668, 145, 46310.00, 1, '2023-05-22', 22940.00, 23370.00, 0.00, 4),
(669, 146, 40900.00, 1, '2023-05-22', 10000.00, 30900.00, 0.00, 1),
(670, 77, 4290.00, 1, '2023-05-23', 1.00, 4289.00, 0.00, 1),
(671, 147, 27280.00, 8, '2023-05-23', 27280.00, 0.00, 0.00, 3),
(672, 148, 32220.00, 1, '2023-05-24', 32220.00, 0.00, 10800.00, 1),
(673, 149, 12680.00, 1, '2023-05-24', 5000.00, 7680.00, 10000.00, 1),
(674, 150, 62874.00, 8, '2023-05-24', 20000.00, 42874.00, 0.00, 1),
(675, 151, 27880.00, 8, '2023-05-24', 26000.00, 1880.00, 0.00, 1),
(676, 152, 18700.00, 1, '2023-05-29', 18700.00, 0.00, 6500.00, 1),
(677, 40, 39040.00, 1, '2023-05-29', 19520.00, 19520.00, 0.00, 4),
(680, 154, 40752.00, 8, '2023-05-30', 5000.00, 35752.00, 0.00, 1),
(681, 155, 30460.00, 8, '2023-05-30', 4900.00, 25560.00, 6600.00, 1),
(683, 157, 65930.00, 8, '2023-05-31', 10000.00, 55930.00, 7000.00, 3),
(685, 156, 227860.00, 8, '2023-05-31', 34000.00, 193860.00, 7000.00, 3),
(687, 158, 59400.00, 8, '2023-05-31', 20000.00, 39400.00, 0.00, 1),
(688, 159, 35290.00, 8, '2023-05-31', 35290.00, 0.00, 0.00, 2),
(689, 160, 27885.00, 8, '2023-05-31', 27885.00, 0.00, 0.00, 1),
(691, 161, 2670.00, 8, '2023-06-01', 2.00, 2668.00, 8000.00, 1),
(692, 162, 33190.00, 8, '2023-06-01', 3000.00, 30190.00, 0.00, 1),
(693, 163, 26770.00, 8, '2023-06-01', 3000.00, 23770.00, 0.00, 3),
(694, 164, 27880.00, 8, '2023-06-01', 27880.00, 0.00, 0.00, 2),
(699, 165, 43940.00, 8, '2023-06-02', 41400.00, 2540.00, 0.00, 1),
(700, 166, 45940.00, 8, '2023-06-02', 45940.00, 0.00, 0.00, 2),
(701, 167, 16760.00, 8, '2023-06-02', 16760.00, 0.00, 0.00, 1),
(702, 4, 47560.00, 8, '2024-08-31', 47560.00, 0.00, 0.00, 1),
(703, 4, 47560.00, 8, '2024-08-31', 47560.00, 0.00, 0.00, 1),
(704, 4, 47560.00, 8, '2024-08-31', 47560.00, 0.00, 0.00, 1),
(705, 4, 47560.00, 8, '2024-08-31', 47560.00, 0.00, 0.00, 1),
(706, 4, 47560.00, 8, '2024-08-31', 47560.00, 0.00, 0.00, 1),
(707, 4, 47560.00, 8, '2024-08-31', 47560.00, 0.00, 0.00, 1),
(708, 4, 47560.00, 8, '2024-08-31', 47560.00, 0.00, 0.00, 1),
(709, 4, 47560.00, 8, '2024-08-31', 47560.00, 0.00, 0.00, 1),
(710, 1, 184000.00, 8, '2024-08-31', 60000.00, 124000.00, 0.00, 1),
(711, 1, 184000.00, 8, '2024-08-31', 56165.00, 127835.00, 0.00, 1),
(712, 1, 184000.00, 8, '2024-08-31', 56165.00, 127835.00, 0.00, 1),
(713, 1, 184000.00, 8, '2024-08-31', 56165.00, 127835.00, 0.00, 1),
(714, 1, 184000.00, 8, '2024-08-31', 56165.00, 127835.00, 0.00, 1),
(715, 1, 184000.00, 8, '2024-08-31', 56165.00, 127835.00, 0.00, 2),
(716, 1, 184000.00, 8, '2024-08-31', 56165.00, 127835.00, 0.00, 2),
(717, 1, 184000.00, 8, '2024-08-31', 56165.00, 127835.00, 0.00, 3),
(718, 1, 184000.00, 8, '2024-08-31', 56165.00, 127835.00, 0.00, 1),
(719, 1, 853090.00, 11, '2024-08-31', 500.00, 852590.00, 0.00, 1),
(720, 1, 853090.00, 11, '2024-08-31', 500.00, 852590.00, 0.00, 1),
(721, 1, 9801.00, 11, '2024-08-31', 100.00, 9701.00, 0.00, 1),
(722, 1, 9801.00, 11, '2024-08-31', 100.00, 9701.00, 0.00, 1),
(723, 1, 9801.00, 11, '2024-08-31', 1000.00, 8801.00, 0.00, 1),
(724, 1, 9801.00, 11, '2024-08-31', 1000.00, 8801.00, 0.00, 1),
(725, 1, 9801.00, 11, '2024-08-31', 1000.00, 8801.00, 0.00, 1),
(726, 1, 9801.00, 11, '2024-08-31', 1000.00, 8801.00, 0.00, 1),
(727, 1, 9801.00, 11, '2024-08-31', 1000.00, 8801.00, 0.00, 1),
(728, 1, 9801.00, 11, '2024-08-31', 1000.00, 8801.00, 0.00, 1),
(729, 1, 9801.00, 11, '2024-08-31', 1000.00, 8801.00, 0.00, 1),
(730, 1, 57361.00, 11, '2024-08-31', 1000.00, 56361.00, 0.00, 1),
(731, 1, 57361.00, 11, '2024-08-31', 1000.00, 56361.00, 0.00, 1),
(732, 1, 57361.00, 11, '2024-08-31', 1000.00, 56361.00, 0.00, 1),
(733, 1, 57361.00, 11, '2024-08-31', 1000.00, 56361.00, 0.00, 1),
(734, 1, 57361.00, 11, '2024-08-31', 1000.00, 56361.00, 0.00, 1),
(735, 1, 57361.00, 11, '2024-08-31', 1000.00, 56361.00, 0.00, 1),
(736, 1, 57361.00, 11, '2024-08-31', 1000.00, 56361.00, 0.00, 1),
(737, 1, 57361.00, 11, '2024-08-31', 1000.00, 56361.00, 0.00, 1),
(738, 1, 57361.00, 11, '2024-08-31', 1000.00, 56361.00, 0.00, 1),
(739, 1, 57361.00, 11, '2024-08-31', 1000.00, 56361.00, 0.00, 1),
(740, 1, 57361.00, 11, '2024-08-31', 1000.00, 56361.00, 0.00, 1),
(741, 1, 11845.90, 11, '2024-08-31', 100.00, 11745.90, 0.00, 1),
(742, 1, 47560.00, 11, '2024-08-31', 15000.00, 32560.00, 0.00, 1),
(743, 1, 47560.00, 11, '2024-08-31', 15000.00, 32560.00, 0.00, 1),
(744, 1, 47560.00, 11, '2024-08-31', 15000.00, 32560.00, 0.00, 1),
(745, 1, 47560.00, 11, '2024-08-31', 15000.00, 32560.00, 0.00, 1),
(746, 1, 47560.00, 8, '2024-08-31', 1121.00, 46439.00, 0.00, 1),
(747, 1, 47560.00, 8, '2024-08-31', 1121.00, 46439.00, 0.00, 1),
(748, 4, 47560.00, 8, '2024-08-31', 1121.00, 46439.00, 0.00, 1),
(749, 4, 47560.00, 8, '2024-08-31', 1121.00, 46439.00, 0.00, 1),
(750, 4, 9801.00, 11, '2024-08-31', 123.00, 9678.00, 0.00, 1),
(751, 4, 47560.00, 11, '2024-08-31', 12.00, 47548.00, 0.00, 1),
(752, 4, 47560.00, 11, '2024-08-31', 12.00, 47548.00, 0.00, 1),
(753, 1, 47560.00, 11, '2024-08-31', 2323.00, 45237.00, 0.00, 1),
(754, 1, 47560.00, 11, '2024-08-31', 222.00, 47338.00, 0.00, 1),
(755, 1, 47560.00, 11, '2024-08-31', 321.00, 47239.00, 0.00, 1),
(756, 1, 47560.00, 11, '2024-08-31', 321.00, 47239.00, 0.00, 1),
(757, 1, 47560.00, 11, '2024-08-31', 321.00, 47239.00, 0.00, 1),
(758, 1, 47560.00, 11, '2024-08-31', 321.00, 47239.00, 0.00, 1),
(759, 1, 47560.00, 11, '2024-08-31', 321.00, 47239.00, 0.00, 1),
(760, 1, 47560.00, 11, '2024-08-31', 321.00, 47239.00, 0.00, 1),
(761, 1, 47560.00, 11, '2024-08-31', 321.00, 47239.00, 0.00, 1),
(762, 1, 47560.00, 11, '2024-08-31', 23.00, 47537.00, 0.00, 1),
(763, 1, 47560.00, 11, '2024-08-31', 23.00, 47537.00, 0.00, 1),
(764, 1, 47560.00, 11, '2024-08-31', 23.00, 47537.00, 0.00, 1),
(765, 1, 47560.00, 11, '2024-08-31', 23.00, 47537.00, 0.00, 1),
(766, 1, 47560.00, 11, '2024-08-31', 23.00, 47537.00, 0.00, 1),
(767, 1, 47560.00, 11, '2024-08-31', 32.00, 47528.00, 0.00, 1),
(768, 1, 47560.00, 11, '2024-08-31', 32.00, 47528.00, 0.00, 1),
(769, 1, 47560.00, 11, '2024-08-31', 32.00, 47528.00, 0.00, 1),
(770, 1, 47560.00, 11, '2024-08-31', 32.00, 47528.00, 0.00, 1),
(771, 1, 47560.00, 11, '2024-08-31', 32.00, 47528.00, 0.00, 1),
(772, 1, 47560.00, 11, '2024-08-31', 321.00, 47239.00, 0.00, 1),
(773, 1, 47560.00, 11, '2024-08-31', 321.00, 47239.00, 0.00, 1),
(774, 1, 47560.00, 11, '2024-08-31', 321.00, 47239.00, 0.00, 1),
(775, 1, 47560.00, 11, '2024-08-31', 12.00, 47548.00, 0.00, 1),
(776, 1, 47560.00, 11, '2024-09-01', 100.00, 47460.00, 0.00, 1),
(777, 1, 47560.00, 11, '2024-09-01', 100.00, 47460.00, 0.00, 1),
(778, 1, 47560.00, 11, '2024-09-01', 100.00, 47460.00, 0.00, 1),
(779, 1, 106560.00, 11, '2024-09-01', 321.00, 106239.00, 0.00, 1),
(783, 1, 35930.00, 8, '2024-10-16', 212.00, 35718.00, 0.00, 1),
(784, 1, 35930.00, 8, '2024-10-16', 212.00, 35718.00, 0.00, 1),
(785, 1, 35930.00, 8, '2024-10-16', 150.00, 35780.00, 0.00, 1),
(786, 1, 35930.00, 8, '2024-10-16', 150.00, 35780.00, 0.00, 1),
(787, 1, 35930.00, 8, '2024-10-16', 150.00, 35780.00, 0.00, 1),
(788, 1, 35930.00, 8, '2024-10-16', 150.00, 35780.00, 0.00, 1),
(789, 1, 35930.00, 8, '2024-10-16', 20000.00, 15930.00, 0.00, 1),
(790, 1, 35930.00, 8, '2024-10-16', 20000.00, 15930.00, 0.00, 1),
(791, 1, 4290.00, 8, '2024-10-16', 1500.00, 2790.00, 0.00, 1);

--
-- Índices para tablas volcadas
--

--
-- Indices de la tabla `cliente`
--
ALTER TABLE `cliente`
  ADD PRIMARY KEY (`idcliente`);

--
-- Indices de la tabla `configuracion`
--
ALTER TABLE `configuracion`
  ADD PRIMARY KEY (`id`);

--
-- Indices de la tabla `descuento`
--
ALTER TABLE `descuento`
  ADD PRIMARY KEY (`id`);

--
-- Indices de la tabla `detalle_permisos`
--
ALTER TABLE `detalle_permisos`
  ADD PRIMARY KEY (`id`);

--
-- Indices de la tabla `detalle_temp`
--
ALTER TABLE `detalle_temp`
  ADD PRIMARY KEY (`id`);

--
-- Indices de la tabla `detalle_venta`
--
ALTER TABLE `detalle_venta`
  ADD PRIMARY KEY (`id`);

--
-- Indices de la tabla `egresos`
--
ALTER TABLE `egresos`
  ADD PRIMARY KEY (`id`);

--
-- Indices de la tabla `graduaciones`
--
ALTER TABLE `graduaciones`
  ADD PRIMARY KEY (`id`);

--
-- Indices de la tabla `graduaciones_temp`
--
ALTER TABLE `graduaciones_temp`
  ADD PRIMARY KEY (`id`);

--
-- Indices de la tabla `ingresos`
--
ALTER TABLE `ingresos`
  ADD PRIMARY KEY (`id`);

--
-- Indices de la tabla `metodos`
--
ALTER TABLE `metodos`
  ADD PRIMARY KEY (`id`);

--
-- Indices de la tabla `permisos`
--
ALTER TABLE `permisos`
  ADD PRIMARY KEY (`id`);

--
-- Indices de la tabla `postpagos`
--
ALTER TABLE `postpagos`
  ADD PRIMARY KEY (`id`);

--
-- Indices de la tabla `producto`
--
ALTER TABLE `producto`
  ADD PRIMARY KEY (`codproducto`);

--
-- Indices de la tabla `saldos`
--
ALTER TABLE `saldos`
  ADD PRIMARY KEY (`id`);

--
-- Indices de la tabla `usuario`
--
ALTER TABLE `usuario`
  ADD PRIMARY KEY (`idusuario`);

--
-- Indices de la tabla `ventas`
--
ALTER TABLE `ventas`
  ADD PRIMARY KEY (`id`);

--
-- AUTO_INCREMENT de las tablas volcadas
--

--
-- AUTO_INCREMENT de la tabla `cliente`
--
ALTER TABLE `cliente`
  MODIFY `idcliente` int(11) NOT NULL AUTO_INCREMENT, AUTO_INCREMENT=168;

--
-- AUTO_INCREMENT de la tabla `configuracion`
--
ALTER TABLE `configuracion`
  MODIFY `id` int(11) NOT NULL AUTO_INCREMENT, AUTO_INCREMENT=2;

--
-- AUTO_INCREMENT de la tabla `descuento`
--
ALTER TABLE `descuento`
  MODIFY `id` int(10) NOT NULL AUTO_INCREMENT;

--
-- AUTO_INCREMENT de la tabla `detalle_permisos`
--
ALTER TABLE `detalle_permisos`
  MODIFY `id` int(11) NOT NULL AUTO_INCREMENT, AUTO_INCREMENT=2042;

--
-- AUTO_INCREMENT de la tabla `detalle_temp`
--
ALTER TABLE `detalle_temp`
  MODIFY `id` int(11) NOT NULL AUTO_INCREMENT, AUTO_INCREMENT=39;

--
-- AUTO_INCREMENT de la tabla `detalle_venta`
--
ALTER TABLE `detalle_venta`
  MODIFY `id` int(11) NOT NULL AUTO_INCREMENT, AUTO_INCREMENT=701;

--
-- AUTO_INCREMENT de la tabla `egresos`
--
ALTER TABLE `egresos`
  MODIFY `id` int(10) NOT NULL AUTO_INCREMENT;

--
-- AUTO_INCREMENT de la tabla `graduaciones`
--
ALTER TABLE `graduaciones`
  MODIFY `id` int(10) NOT NULL AUTO_INCREMENT, AUTO_INCREMENT=343;

--
-- AUTO_INCREMENT de la tabla `graduaciones_temp`
--
ALTER TABLE `graduaciones_temp`
  MODIFY `id` int(10) NOT NULL AUTO_INCREMENT, AUTO_INCREMENT=8;

--
-- AUTO_INCREMENT de la tabla `ingresos`
--
ALTER TABLE `ingresos`
  MODIFY `id` int(10) NOT NULL AUTO_INCREMENT, AUTO_INCREMENT=2;

--
-- AUTO_INCREMENT de la tabla `metodos`
--
ALTER TABLE `metodos`
  MODIFY `id` int(11) NOT NULL AUTO_INCREMENT, AUTO_INCREMENT=5;

--
-- AUTO_INCREMENT de la tabla `permisos`
--
ALTER TABLE `permisos`
  MODIFY `id` int(11) NOT NULL AUTO_INCREMENT, AUTO_INCREMENT=11;

--
-- AUTO_INCREMENT de la tabla `postpagos`
--
ALTER TABLE `postpagos`
  MODIFY `id` int(10) NOT NULL AUTO_INCREMENT, AUTO_INCREMENT=522;

--
-- AUTO_INCREMENT de la tabla `producto`
--
ALTER TABLE `producto`
  MODIFY `codproducto` int(11) NOT NULL AUTO_INCREMENT, AUTO_INCREMENT=662;

--
-- AUTO_INCREMENT de la tabla `saldos`
--
ALTER TABLE `saldos`
  MODIFY `id` int(10) NOT NULL AUTO_INCREMENT;

--
-- AUTO_INCREMENT de la tabla `usuario`
--
ALTER TABLE `usuario`
  MODIFY `idusuario` int(11) NOT NULL AUTO_INCREMENT, AUTO_INCREMENT=12;

--
-- AUTO_INCREMENT de la tabla `ventas`
--
ALTER TABLE `ventas`
  MODIFY `id` int(11) NOT NULL AUTO_INCREMENT, AUTO_INCREMENT=792;
COMMIT;

/*!40101 SET CHARACTER_SET_CLIENT=@OLD_CHARACTER_SET_CLIENT */;
/*!40101 SET CHARACTER_SET_RESULTS=@OLD_CHARACTER_SET_RESULTS */;
/*!40101 SET COLLATION_CONNECTION=@OLD_COLLATION_CONNECTION */;
